Latitude;Species;Order;TPC (%DW);SD;Reference
64°S;Adenocystis utricularis;Ectocarpales;1.60;n.g.;Iken et al. 2007
64°S;Ascoseira mirabilis (blade tip);Ascoseirales;1.60;n.g.;Iken et al. 2007
64°S;Ascoseira mirabilis (holdfast);Ascoseirales;6.27;n.g.;Iken et al. 2007
64°S;Ascoseira mirabilis (middle blade);Ascoseirales;2.27;n.g.;Iken et al. 2007
64°S;Chordaria linearis;Ectocarpales;2.00;n.g.;Iken et al. 2007
64°S;Cystophaera jacquinotii (main axis);Fucales;2.67;n.g.;Iken et al. 2007
64°S;Cystophaera jacquinotii (middle blade);Fucales;2.93;n.g.;Iken et al. 2007
64°S;Cystophaera jacquinotii (pneumatocysts);Fucales;0.53;n.g.;Iken et al. 2007
64°S;Cystophaera jacquinotii (receptacles);Fucales;4.53;n.g.;Iken et al. 2007
64°S;Desmarestia anceps;Desmarestiales;11.70;3.00;Fairhead et al. 2005
64°S;Desmarestia anceps;Desmarestiales;3.30;n.g.;Fairhead et al. 2006
64°S;Desmarestia anceps (branch);Desmarestiales;4.00;n.g.;Iken et al. 2007
64°S;Desmarestia anceps (holdfast);Desmarestiales;2.00;n.g.;Iken et al. 2007
64°S;Desmarestia anceps (stipe);Desmarestiales;4.53;n.g.;Iken et al. 2007
64°S;Desmarestia antarctica (branch);Desmarestiales;8.93;n.g.;Iken et al. 2007
64°S;Desmarestia antarctica (holdfast);Desmarestiales;3.20;n.g.;Iken et al. 2007
64°S;Desmarestia menziesii;Desmarestiales;5.20;2.00;Fairhead et al. 2005
64°S;Desmarestia menziesii;Desmarestiales;6.00;n.g.;Fairhead et al. 2006
64°S;Desmarestia menziesii (branch);Desmarestiales;1.33;n.g.;Iken et al. 2007
64°S;Desmarestia menziesii (holdfast);Desmarestiales;2.80;n.g.;Iken et al. 2007
64°S;Himantothallus grandifolius (blade tip);Desmarestiales;6.27;n.g.;Iken et al. 2007
64°S;Himantothallus grandifolius (holdfast);Desmarestiales;6.80;n.g.;Iken et al. 2007
64°S;Himantothallus grandifolius (middle blade);Desmarestiales;5.20;n.g.;Iken et al. 2007
64°S;Phaeurus antarcticus;Desmarestiales;4.93;n.g.;Iken et al. 2007
62°S;Ascoseira mirabilis (10m);Ascoseirales;0.71;0.17;Gómez & Huovinen 2015
62°S;Ascoseira mirabilis (20m);Ascoseirales;0.66;0.24;Gómez & Huovinen 2015
62°S;Ascoseira mirabilis (5m);Ascoseirales;0.88;0.14;Gómez & Huovinen 2015
62°S;Desmarestia anceps (10m);Desmarestiales;11.74;0.47;Gómez & Huovinen 2015
62°S;Desmarestia anceps (20m);Desmarestiales;14.55;0.47;Gómez & Huovinen 2015
62°S;Desmarestia anceps (30m);Desmarestiales;9.19;0.16;Gómez & Huovinen 2015
62°S;Desmarestia menziesii (10m);Desmarestiales;6.13;0.08;Gómez & Huovinen 2015
62°S;Desmarestia menziesii (20m);Desmarestiales;3.57;0.63;Gómez & Huovinen 2015
62°S;Desmarestia menziesii (30m);Desmarestiales;5.11;0.32;Gómez & Huovinen 2015
62°S;Himantothallus grandifolius (10m);Desmarestiales;11.23;0.47;Gómez & Huovinen 2015
62°S;Himantothallus grandifolius (20m);Desmarestiales;7.40;0.32;Gómez & Huovinen 2015
62°S;Himantothallus grandifolius (30m);Desmarestiales;9.19;0.32;Gómez & Huovinen 2015
39°S;Desmarestia antarctica (blade);Desmarestiales;1.32;0.13;Duarte et al. 2011
39°S;Desmarestia antarctica (stipe);Desmarestiales;0.93;0.15;Duarte et al. 2011
39°S;Durvillaea antarctica;Fucales;1.56;n.g.;Cruces et al. 2013
39°S;Lessonia nigrescens;Laminariales;0.62;n.g.;Cruces et al. 2013
39°S;Lessonia spicata;Laminariales;0.53;0.06;Cruces et al. 2016
38°S;Durvillae potatorum;Fucales;0.63;0.12;Steinberg 1989 (summer data)
38°S;Durvillae potatorum;Fucales;0.63;0.05;Steinberg 1989 (winter data)
38°S;Macrocystis angustifolia;Laminariales;0.62;0.08;Steinberg 1989 (summer data)
38°S;Macrocystis angustifolia;Laminariales;0.62;0.03;Steinberg 1989 (winter data)
38°S;Sargassum sinclairii;Fucales;11.58;0.13;Steinberg 1986
37°S;Carpophyllum angustifolium;Fucales;10.14;0.69;Steinberg 1989 (summer data)
37°S;Carpophyllum angustifolium;Fucales;13.66;0.35;Steinberg 1989 (winter data)
37°S;Carpophyllum flexuosum;Fucales;9.34;0.64;Steinberg 1989 (summer data)
37°S;Carpophyllum flexuosum;Fucales;9.34;0.26;Steinberg 1989 (winter data)
37°S;Carpophyllum maschalocarpum;Fucales;10.37;0.58;Steinberg 1989 (summer data)
37°S;Carpophyllum maschalocarpum;Fucales;11.33;0.30;Steinberg 1989 (winter data)
37°S;Carpophyllum plumosum;Fucales;9.80;0.31;Steinberg 1989 (summer data)
37°S;Carpophyllum plumosum;Fucales;7.68;0.26;Steinberg 1989 (winter data)
37°S;Cystophora torulosa;Fucales;4.93;0.23;Steinberg 1989 (summer data)
37°S;Cystophora torulosa;Fucales;5.26;0.19;Steinberg 1989 (winter data)
37°S;Ecklonia radiata;Laminariales;3.40;n.g.;Charoensiddhi et al. 2015
37°S;Ecklonia radiata;Laminariales;9.28;0.44;Steinberg 1989 (summer data)
37°S;Ecklonia radiata;Laminariales;11.19;0.18;Steinberg 1989 (winter data)
37°S;Hormosira banksii;Fucales;3.75;0.17;Steinberg 1989 (summer data)
37°S;Landsburgia quercifolia;Fucales;4.29;0.44;Steinberg 1989 (summer data)
37°S;Landsburgia quercifolia;Fucales;5.01;0.19;Steinberg 1989 (winter data)
37°S;Lessonia variegata;Laminariales;1.30;0.27;Steinberg 1989 (summer data)
37°S;Sargassum sinclairii;Fucales;11.58;0.37;Steinberg 1989 (summer data)
37°S;Sargassum sinclairii;Fucales;10.18;0.36;Steinberg 1989 (winter data)
37°S;Xiphophora chondrophylla;Fucales;3.18;0.17;Steinberg 1989 (summer data)
37°S;Xiphophora chondrophylla;Fucales;2.18;0.11;Steinberg 1989 (winter data)
35°S;Caulocystis cephalornithos;Fucales;4.42;0.39;Steinberg 1989 (summer data)
35°S;Cystophora brownii;Fucales;13.02;0.56;Steinberg 1989 (summer data)
35°S;Cystophora expansa;Fucales;8.87;1.17;Steinberg 1989 (summer data)
35°S;Cystophora monilifera;Fucales;7.63;0.75;Steinberg 1989 (summer data)
35°S;Cystophora moniliformis;Fucales;12.16;1.01;Steinberg 1989 (summer data)
35°S;Cystophora platylobium;Fucales;4.46;1.43;Steinberg 1989 (summer data)
35°S;Cystophora polycistidea;Fucales;6.66;0.77;Steinberg 1989 (summer data)
35°S;Cystophora siliquosa;Fucales;13.10;0.64;Steinberg 1989 (summer data)
35°S;Cystophora subfarcinata;Fucales;12.16;0.62;Steinberg 1989 (summer data)
35°S;Ecklonia radiata;Laminariales;7.46;0.86;Steinberg 1989 (summer data)
35°S;Sargassum bracteolosum;Fucales;11.05;0.11;Steinberg 1986
35°S;Sargassum bracteolosum;Fucales;11.46;0.99;Steinberg 1989 (summer data)
35°S;Sargassum decipiens;Fucales;4.97;0.27;Steinberg 1986
35°S;Sargassum decipiens;Fucales;5.18;0.20;Steinberg 1989 (summer data)
35°S;Sargassum sp. 1;Fucales;7.11;0.14;Steinberg 1986
35°S;Sargassum sp. 2;Fucales;4.24;0.55;Steinberg 1989 (summer data)
35°S;Sargassum sp. 3 (linearifolium?);Fucales;6.92;0.38;Steinberg 1989 (summer data)
35°S;Sargassum sp. 4;Fucales;4.46;0.49;Steinberg 1989 (summer data)
35°S;Scaberia agardhii;Fucales;7.25;0.87;Steinberg 1989 (summer data)
35°S;Scytothalia dorycarpa;Fucales;6.01;0.71;Steinberg 1989 (summer data)
35°S;Seirococcus axillaris;Fucales;4.64;0.54;Steinberg 1989 (summer data)
34°S;Cystophora moniliformis;Fucales;7.13;1.03;Steinberg & Van Altena 1992
34°S;Ecklonia radiata;Laminariales;7.46;0.65;Steinberg & Van Altena 1992
34°S;Homoeostrichus sinclairii;Dictyotales;3.11;0.27;Steinberg & Van Altena 1992
34°S;Phyllospora comosa;Fucales;2.16;0.51;Steinberg & Van Altena 1992
34°S;Sargassum globulariaefolium;Fucales;7.19;0.54;Steinberg & Van Altena 1992
34°S;Sargassum linearifolium;Fucales;2.63;0.31;Steinberg & Van Altena 1992
34°S;Sargassum sp.1;Fucales;2.85;0.34;Steinberg & Van Altena 1992
34°S;Sargassum vestitum;Fucales;6.63;0.63;Steinberg & Van Altena 1992
34°S;Zonaria diesigiana;Dictyotales;6.67;0.58;Steinberg & Van Altena 1992
33°S;Acrocarpia paniculata;Fucales;5.16;0.91;Steinberg 1989 (summer data)
33°S;Cystophora moniliformis;Fucales;9.21;0.60;Steinberg 1989 (summer data)
33°S;Ecklonia radiata;Laminariales;5.48;0.56;Steinberg 1989 (summer data)
33°S;Ecklonia radiata;Laminariales;5.63;0.40;Steinberg 1989 (winter data)
33°S;Hormosira banksii;Fucales;3.47;0.49;Steinberg 1989 (summer data)
33°S;Lessonia nigrescens intertidal adults;Laminariales;0.09;n.g.;Martínez 1996
33°S;Lessonia nigrescens subtidal adults;Laminariales;0.45;n.g.;Martínez 1996
33°S;Phyllospora comosa;Fucales;2.67;0.48;Steinberg 1989 (summer data)
33°S;Sargassum globulariaefolium;Fucales;7.85;0.67;Steinberg 1989 (summer data)
33°S;Sargassum globulariaefolium;Fucales;7.85;0.27;Steinberg 1989 (winter data)
33°S;Sargassum linearifolium;Fucales;4.02;0.28;Steinberg 1989 (summer data)
33°S;Sargassum linearifolium;Fucales;1.00;0.05;Steinberg 1989 (winter data)
33°S;Sargassum sp. 1;Fucales;3.00;0.37;Steinberg 1989 (summer data)
33°S;Sargassum sp. 5;Fucales;3.18;0.33;Steinberg 1989 (summer data)
33°S;Sargassum vestitum;Fucales;6.71;0.42;Steinberg 1989 (summer data)
33°S;Sargassum vestitum;Fucales;6.97;0.24;Steinberg 1989 (winter data)
32°S;Durvillaea antarctica (female);Fucales;0.94;0.36;Lizée-Prynne et al. 2016
32°S;Durvillaea antarctica (male);Fucales;1.03;0.42;Lizée-Prynne et al. 2016
32°S;Durvillaea antarctica (vegetative);Fucales;0.80;0.23;Lizée-Prynne et al. 2016
32°S;Homoeostrichus sinclairii;Dictyotales;3.76;0.12;Steinberg et al. 1991
32°S;Lessonia spicata;Laminariales;1.95;35.33;Koch et al. 2015
32°S;Sargassum globulariaefolium;Fucales;6.83;0.13;Steinberg et al. 1991
32°S;Sargassum globulariaefolium (summer);Fucales;6.52;0.13;Steinberg 1986
32°S;Sargassum globulariaefolium (winter fresh);Fucales;8.82;0.24;Steinberg 1986
32°S;Sargassum globulariaefolium (winter frozen);Fucales;6.07;0.28;Steinberg 1986
32°S;Sargassum linearifolium;Fucales;4.07;0.12;Steinberg 1986
32°S;Sargassum linearifolium;Fucales;1.99;0.08;Steinberg et al. 1991
32°S;Sargassum sp. 2;Fucales;3.18;0.17;Steinberg 1986
32°S;Sargassum sp. 6 (fresh);Fucales;7.85;0.29;Steinberg 1986
32°S;Sargassum sp. 6 (frozen);Fucales;8.18;0.38;Steinberg 1986
32°S;Sargassum sp. E;Fucales;7.61;0.34;Steinberg et al. 1991
32°S;Sargassum vestitum;Fucales;5.70;0.13;Steinberg et al. 1991
31°S;Durvillaea antarctica (female);Fucales;0.91;0.41;Lizée-Prynne et al. 2016
31°S;Durvillaea antarctica (vegetative);Fucales;0.55;0.20;Lizée-Prynne et al. 2016
31°S;Durvillaea antarctica(male);Fucales;0.67;0.13;Lizée-Prynne et al.  2016
30°S;Lessonia spicata;Laminariales;0.79;35.33;Koch et al. 2015
29°S;Lessonia berteroana;Laminariales;4.68;129.47;Koch et al. 2015
29°S;Lessonia berteroana;Laminariales;2.68;282.42;Koch et al. 2015
29°S;Lessonia spicata;Laminariales;1.09;82.29;Koch et al. 2015
29°S;Lessonia spicata;Laminariales;0.95;47.18;Koch et al. 2015
28°S;Lessonia berteroana;Laminariales;4.21;141.32;Koch et al. 2015
27°S;Lessonia berteroana;Laminariales;2.47;141.32;Koch et al. 2015
27°S;Padina gymnospora;Dictyotales;0.58;0.3;Present study
27°S;Sargassum stenophyllum;Fucales;0.45;0.19;Present study
23°S;Dictyopteris plagiogramma;Dictyotales;0.72;0.16;Fleury et al. 1994
23°S;Dictyota cervicornis (=Canistrocarpus cervicornis);Dictyotales;0.87;0.06;Fleury et al. 1994
23°S;Hormophysa triquetra;Fucales;2.32;0.05;Steinberg et al. 1991
23°S;Padina spp.;Dictyotales;2.49;0.11;Steinberg et al. 1991
23°S;Sargassum cymosum;Fucales;0.81;0.02;Fleury et al. 1994
23°S;Sargassum decurrens;Fucales;2.75;0.20;Steinberg et al. 1991
23°S;Sargassum linearifolium;Fucales;2.06;0.10;Steinberg et al. 1991
23°S;Sargassum oligocystum;Fucales;2.51;0.08;Steinberg et al. 1991
23°S;Sargassum polycystum;Fucales;1.82;0.08;Steinberg et al. 1991
23°S;Sargassum sp. A;Fucales;2.05;0.12;Steinberg et al. 1991
23°S;Sargassum sp. B;Fucales;0.26;0.01;Steinberg 1986
23°S;Sargassum sp. B;Fucales;2.14;0.11;Steinberg et al. 1991
23°S;Sargassum sp. D;Fucales;2.53;0.09;Steinberg et al. 1991
23°S;Turbinaria ornata;Fucales;0.97;0.04;Steinberg 1986
22°S;Canistrocarpus cervicornis;Dictyotales;0.18;0.00;Present study
22°S;Colpomenia sinuosa;Ectocarpales;0.25;0.02;Present study
22°S;Cystoseira trinoids;Fucales;0.38;n.g.;Steinberg & Paul 1990
22°S;Dictyopteris australis;Dictyotales;1.92;n.g.;Steinberg & Paul 1990
22°S;Dictyopteris delicatula;Dictyotales;0.51;0.00;Fleury et al. 1994
22°S;Dictyota cervicornis (=Canistrocarpus cervicornis);Dictyotales;0.37;0.00;Fleury et al. 1994
22°S;Dictyota dichotoma;Dictyotales;0.13;0.01;Fleury et al. 1994
22°S;Dictyota mertensii;Dictyotales;0.32;0.04;Fleury et al. 1994
22°S;Dictyota mertensii;Dictyotales;0.18;0.03;Present study
22°S;Dictyota spiralis;Dictyotales;0.31;n.g.;Steinberg & Paul 1990
22°S;Lobophora variegata;Dictyotales;1.46;n.g.;Steinberg & Paul 1990
22°S;Padina gymnospora;Dictyotales;0.22;0.1;Present study
22°S;Padina spp.;Dictyotales;1.13;n.g.;Steinberg & Paul 1990
22°S;Sargassum aquifolium;Fucales;0.16;0.01;Le Lann et al. 2012
22°S;Sargassum aquifolium;Fucales;0.16;0.01;Le Lann et al. 2012
22°S;Sargassum furcatum;Fucales;1.43;0.02;Fleury et al. 1994
22°S;Sargassum furcatum;Fucales;0.50;n.g.;Pereira & Yoneshigue-Valentin 1999
22°S;Sargassum spp. 2;Fucales;0.83;n.g.;Steinberg & Paul 1990
22°S;Sargassum spp. 3;Fucales;0.67;n.g.;Steinberg & Paul 1990
22°S;Sargassum spp.1;Fucales;0.46;n.g.;Steinberg & Paul 1990
22°S;Sargassum vulgare;Fucales;1.10;0.34;Present study
22°S;Sargassum vulgare (axis);Fucales;3.61;0.08;Plouguerné et al 2012
22°S;Sargassum vulgare (leaflets);Fucales;2.59;0.12;Plouguerné et al 2012
22°S;Sargassum vulgare (pneumatocystis);Fucales;1.90;0.06;Plouguerné et al 2012
22°S;Sargassum vulgare (receptacles);Fucales;3.32;0.14;Plouguerné et al 2012
22°S;Stypopodium zonale;Dictyotales;1.72;0.49;Present study
22°S;Turbinaria conoides;Fucales;1.59;0.17;Le Lann et al. 2012
21°S;Turbinaria conoides;Fucales;0.95;0.05;Le Lann et al. 2012
21°S;Turbinaria ornata;Fucales;0.84;0.04;Le Lann et al. 2012
20°S;Dictyopteris delicatula;Dictyotales;0.12;0.023;Present study
20°S;Dictyota mertensii;Dictyotales;0.10;0.012;Present study
20°S;Padina gymnospora;Dictyotales;0.87;0.024;Present study
20°S;Sargassum ramifolium;Fucales;0.16;0.06;Present study
20°S;Spatoglossum schroederi;Dictyotales;4.30;0.77;Present study
18°S;Sargassum polycystum;Fucales;0.59;0.11;Le Lann et al. 2012
18°S;Sargassum sp. A;Fucales;0.35;0.03;Steinberg 1986
18°S;Turbinaria ornata;Fucales;0.93;0.04;Steinberg 1986
17°S;Sargassum mangarevense;Fucales;0.50;0.03;Stiger et al. 2004
17°S;Sargassum mangarevense;Fucales;0.96;0.01;Stiger et al. 2004
17°S;Sargassum mangarevense;Fucales;2.85;1.12;Zubia et al. 2008
17°S;Sargassum mangarevense (inner barrier reef);Fucales;0.69;0.01;Stiger et al. 2004
17°S;Sargassum mangarevense (outer barrier reef);Fucales;0.38;0.03;Stiger et al. 2004
17°S;Sargassum spp.;Fucales;1.59;0.28;Steinberg 1986
17°S;Turbinaria ornata;Fucales;0.77;0.08;Steinberg 1986
17°S;Turbinaria ornata;Fucales;1.41;0.03;Stiger et al. 2004
17°S;Turbinaria ornata;Fucales;1.58;0.02;Stiger et al. 2004
17°S;Turbinaria ornata;Fucales;2.45;0.61;Zubia et al. 2008
17°S;Turbinaria ornata (fringing reef);Fucales;1.29;0.01;Stiger et al. 2004
17°S;Turbinaria ornata (inner barrier reef);Fucales;1.12;0.01;Stiger et al. 2004
17°S;Turbinaria ornata (outer barrier reef);Fucales;1.12;0.00;Stiger et al. 2004
16°S;Colpomenia sinuosa;Ectocarpales;0.07;0.008;Present study
16°S;Dictyopteris delicatula;Dictyotales;0.13;0.007;Present study
16°S;Dictyopteris polipodioides;Dictyotales;0.22;0.01;Present study
16°S;Dictyota ciliolata;Dictyotales;0.15;0.02;Present study
16°S;Dictyota crispata;Dictyotales;0.14;0.035;Present study
16°S;Dictyota dichotoma;Dictyotales;0.11;0.014;Present study
16°S;Lobophora variegata;Dictyotales;0.80;0.53;Present study
16°S;Padina gymnospora;Dictyotales;0.13;0.055;Present study
16°S;Sargassum polycystum;Fucales;0.74;0.21;Le Lann et al. 2012
16°S;Sargassum polycystum;Fucales;0.09;0.00;Le Lann et al. 2012
16°S;Sargassum vulgare;Fucales;0.10;0.02;Present study
16°S;Turbinaria ornata;Fucales;0.95;0.07;Le Lann et al. 2012
14°S;Padina gymnospora;Dictyotales;0.19;0.01;Present study
14°S;Padina gymnospora;Dictyotales;0.26;0.026;Present study
14°S;Padina gymnospora;Dictyotales;0.05;0.0027;Present study
14°S;Sargassum filipendula;Fucales;0.38;0.097;Present study
14°S;Sargassum vulgare;Fucales;0.14;0.037;Present study
14°S;Sargassum vulgare;Fucales;0.72;0.15;Present study
14°S;Sargassum vulgare;Fucales;0.19;0.1;Present study
12°S;Dictyopteris delicatula;Dictyotales;0.08;0.014;Present study
12°S;Dictyota pfaffii;Dictyotales;0.10;0.016;Present study
12°S;Lobophora variegata;Dictyotales;0.12;0.003;Present study
12°S;Sargassum filipendula;Fucales;0.09;0.007;Present study
9°S;Sargassum aquifolium;Fucales;0.21;0.01;Le Lann et al. 2012
9°S;Sargassum aquifolium;Fucales;0.71;0.07;Le Lann et al. 2012
9°S;Sargassum cristaefolium;Fucales;0.08;0.02;Le Lann et al. 2012
9°S;Turbinaria conoides;Fucales;0.87;0.20;Le Lann et al. 2012
9°S;Turbinaria decurrens;Fucales;1.03;0.07;Le Lann et al. 2012
9°S;Turbinaria ornata;Fucales;0.26;0.01;Le Lann et al. 2012
8°S;Canistrocarpus cervicornis;Dictyotales;0.13;0.01;Present study
8°S;Dictyopteris delicatula;Dictyotales;0.22;0.012;Present study
8°S;Dictyota mertensii;Dictyotales;0.19;0.01;Present study
8°S;Lobophora variegata;Dictyotales;0.90;0.22;Present study
8°S;Padina gymnospora;Dictyotales;0.07;0.01;Present study
8°S;Sargassum aquifolium;Fucales;0.09;0.01;Le Lann et al. 2012
8°S;Sargassum vulgare var. nanum;Fucales;0.13;0.08;Present study
8°S;Sargassum vulgare var. vulgare;Fucales;0.13;0.02;Present study
8°S;Turbinaria conoides;Fucales;1.64;0.09;Le Lann et al. 2012
8°S;Turbinaria decurrens;Fucales;0.48;0.04;Le Lann et al. 2012
6°S;Padina gymnospora;Dictyotales;0.40;0.024;Present study
9°N;Dictyota dichotoma;Dictyotales;0.69;n.g.;Rao & Untawale 1991
9°N;Dictyota dichotoma juvenile;Dictyotales;0.67;n.g.;Rao & Untawale 1991
9°N;Hydroclathrus clathratus;Ectocarpales;0.35;n.g.;Rao & Untawale 1991
9°N;Lobophora variegata;Dictyotales;2.06;n.g.;Rao & Untawale 1991
9°N;Padina gymnospora;Dictyotales;0.50;n.g.;Rao & Untawale 1991
9°N;Padina tetrastromatica;Dictyotales;0.33;n.g.;Rao & Untawale 1991
9°N;Sargassum myriocystum;Fucales;1.31;n.g.;Rao & Untawale 1991
9°N;Sargassum myriocystum (air bladder);Fucales;1.68;n.g.;Rao & Untawale 1991
9°N;Sargassum polycystum;Fucales;0.85;n.g.;Rao & Untawale 1991
9°N;Sargassum wightii;Fucales;1.23;n.g.;Rao & Untawale 1991
9°N;Sargassum wightii (air bladder);Fucales;1.09;n.g.;Rao & Untawale 1991
9°N;Stoechospermum marginatum;Dictyotales;0.77;n.g.;Rao & Untawale 1991
9°N;Turbinaria conoides;Fucales;1.57;n.g.;Rao & Untawale 1991
12°N;Sargassum aquifolium;Fucales;0.68;n.g.;Cuong et al. 2016
12°N;Sargassum denticarpum;Fucales;0.10;n.g.;Cuong et al. 2016
12°N;Sargassum mcclurei;Fucales;0.21;n.g.;Cuong et al. 2016
12°N;Sargassum olygocystum;Fucales;0.24;n.g.;Cuong et al. 2016
12°N;Sargassum polycystum;Fucales;0.07;n.g.;Cuong et al. 2016
12°N;Sargassum serratum;Fucales;0.13;n.g.;Cuong et al. 2016
13°N;Dictyota bartayresii;Dictyotales;0.19;0.03;Van Alstyne & Paul 1990
13°N;Dictyota cervicornis;Dictyotales;0.53;0.21;Van Alstyne & Paul 1990
13°N;Hydroclathrus clathratus;Ectocarpales;0.50;0.16;Van Alstyne & Paul 1990
13°N;Padina tenuis;Dictyotales;0.74;0.35;Van Alstyne & Paul 1990
13°N;Sargassum cristaefolium;Fucales;1.24;0.14;Van Alstyne & Paul 1990
13°N;Sargassum polycystum;Fucales;0.84;0.23;Van Alstyne & Paul 1990
13°N;Turbinaria ornata;Fucales;1.44;0.24;Van Alstyne & Paul 1990
13°N;Turbinaria ornata;Fucales;1.62;0.22;Van Alstyne & Paul 1990
15°N;Dictyota dichotoma;Dictyotales;0.46;n.g.;Rao & Untawale 1991
15°N;Padina gymnospora;Dictyotales;0.91;n.g.;Rao & Untawale 1991
15°N;Padina tetrastromatica;Dictyotales;1.03;n.g.;Rao & Untawale 1991
15°N;Sargassum cinereum;Fucales;0.69;n.g.;Rao & Untawale 1991
15°N;Spatoglossum asperum;Dictyotales;0.33;n.g.;Rao & Untawale 1991
15°N;Sphacelaria furcigera;Sphaceraliales;0.23;n.g.;Rao & Untawale 1991
15°N;Stoechospermum marginatum;Dictyotales;0.42;n.g.;Rao & Untawale 1991
16°N;Lobophora variegata;Dictyotales;11.21;3.84;Targett et al. 1995
16°N;Sargassum fluitans;Fucales;0.74;0.13;Targett et al. 1995
16°N;Stypopodium zonale;Dictyotales;3.25;1.46;Targett et al. 1995
17°N;Dictyota divaricata;Dictyotales;1.34;0.36;Targett et al. 1992
17°N;Lobophora variegata;Dictyotales;10.82;1.03;Targett et al. 1995
17°N;Lobophora variegata;Dictyotales;14.66;0.90;Targett et al. 1995
17°N;Lobophora variegata (decumbent);Dictyotales;13.39;3.50;Targett et al. 1992
17°N;Lobophora variegata (incrusting);Dictyotales;8.33;0.94;Targett et al. 1992
17°N;Lobophora variegata (ruffled);Dictyotales;10.23;0.67;Targett et al. 1992
17°N;Padina jamaicensis;Dictyotales;1.79;0.36;Targett et al. 1992
17°N;Rosenvingea rathragensis;Ectocarpales;0.37;n.g.;Rao & Untawale 1991
17°N;Sargassum histrix;Fucales;4.60;1.75;Targett et al. 1992
17°N;Sargassum polyceratium;Fucales;3.37;0.45;Targett et al. 1992
17°N;Sargassum vulgare;Fucales;0.67;n.g.;Rao & Untawale 1991
17°N;Stypopodium zonale;Dictyotales;14.92;2.93;Targett et al. 1992
17°N;Turbinaria tricostata;Fucales;3.99;1.24;Targett et al. 1992
17°N;Turbinaria turbinata;Fucales;4.59;0.78;Targett et al. 1992
20°N;Lobophora variegata;Dictyotales;11.09;3.96;Targett et al. 1995
21°N;Dictyota divaricata;Dictyotales;1.07;0.23;Targett et al. 1995
21°N;Lobophora variegata;Dictyotales;6.95;1.90;Targett et al. 1995
21°N;Lobophora variegata (incrusting);Dictyotales;0.81;0.22;Targett et al. 1992
21°N;Padina japonica;Dictyotales;3.79;0.52;Targett et al. 1995
21°N;Sargassum echinocarpum (non reproductive);Fucales;2.03;0.60;Targett et al. 1995
21°N;Sargassum echinocarpum (reproductive);Fucales;1.38;0.25;Targett et al. 1995
21°N;Sargassum hystrix var. buxifolium;Fucales;2.94;n.g.;Targett et al. 1995
21°N;Sargassum platycarpum;Fucales;0.98;n.g.;Targett et al. 1995
21°N;Turbinaria ornata;Fucales;1.56;0.36;Targett et al. 1995
22°N;Lobophora variegata;Dictyotales;25.45;4.42;Targett et al. 1995
22°N;Lobophora variegata (ruffled);Dictyotales;10.32;0.77;Targett et al. 1995
23°N;Lobophora variegata;Dictyotales;11.87;2.32;Targett et al. 1995
24°N;Lobophora variegata;Dictyotales;3.55;0.62;Arnold & Targett 1998
24°N;Sargassum pteropleuron;Fucales;4.32;0.24;Arnold & Targett 1998
27°N;Colpomenia sinuosa;Ectocarpales;0.01;n.g.;Sadati et al. 2011
27°N;Cystoseira myrica;Fucales;0.01;n.g.;Sadati et al. 2011
27°N;Sargassum swartzii;Fucales;0.01;n.g.;Sadati et al. 2011
28°N;Cystoseira compressa;Fucales;4.83;n.g.;Chkhikvishvili & Ramazanov 2000
28°N;Cystoseira foeniculaceae;Fucales;2.16;n.g.;Chkhikvishvili & Ramazanov 2000
28°N;Dictyopteris membranaceae;Dictyotales;0.09;n.g.;Chkhikvishvili & Ramazanov 2000
28°N;Dictyota ciliolata;Dictyotales;0.08;n.g.;Chkhikvishvili & Ramazanov 2000
28°N;Dictyota sp.2;Dictyotales;0.00;n.g.;Chkhikvishvili & Ramazanov 2000
28°N;Dictytota sp.1;Dictyotales;0.03;n.g.;Chkhikvishvili & Ramazanov 2000
28°N;Fucus spiralis;Fucales;2.17;n.g.;Chkhikvishvili & Ramazanov 2000
28°N;Halopteris scoparia;Sphaceraliales;0.16;n.g.;Chkhikvishvili & Ramazanov 2000
28°N;Lobophora variegata;Dictyotales;1.20;n.g.;Chkhikvishvili & Ramazanov 2000
28°N;Padina pavonica;Dictyotales;0.69;n.g.;Chkhikvishvili & Ramazanov 2000
28°N;Sargassum desfontrainessi;Fucales;1.68;n.g.;Chkhikvishvili & Ramazanov 2000
28°N;Sargassum furcatum;Fucales;2.97;n.g.;Chkhikvishvili & Ramazanov 2000
28°N;Stypopodium zonale;Dictyotales;1.22;n.g.;Chkhikvishvili & Ramazanov 2000
28°N;Zonaria tonznefortii;Dictyotales;1.06;n.g.;Chkhikvishvili & Ramazanov 2000
32°N;Colpomenia sinuosa;Ectocarpales;1.74;0.30;Targett et al. 1995
32°N;Dictyopteris justii;Dictyotales;5.62;0.81;Targett et al. 1995
32°N;Dictyota dichotoma;Dictyotales;0.88;0.69;Targett et al. 1995
32°N;Dictyota spp.;Dictyotales;0.52;0.37;Targett et al. 1995
32°N;Lobophora variegata;Dictyotales;19.38;3.31;Targett et al. 1995
32°N;Lobophora variegata;Dictyotales;8.68;0.14;Targett et al. 1995
32°N;Lobophora variegata;Dictyotales;6.31;0.95;Targett et al. 1995
32°N;Lobophora variegata;Dictyotales;7.51;1.72;Targett et al. 1995
32°N;Lobophora variegata (cultured);Dictyotales;6.17;0.38;Arnold & Targett 2000
32°N;Padina gymnospora;Dictyotales;4.74;n.g.;Targett et al. 1995
32°N;Sargassum fluitans;Fucales;0.77;0.13;Targett et al. 1995
32°N;Stypopodium zonale;Dictyotales;15.85;0.14;Targett et al. 1995
32°N;Stypopodium zonale;Dictyotales;1.81;0.69;Targett et al. 1995
33°N;Cystoseira neglecta;Fucales;1.37;0.78;Van Alstyne et al. 1999a
33°N;Dictyopteris divaricate;Dictyotales;9.20;n.g.;Yang et al. 2014
33°N;Dictyopteris prolifera;Dictyotales;15.18;n.g.;Yang et al. 2014
33°N;Dictyota flabellata;Dictyotales;4.04;0.03;Steinberg 1985
33°N;Dictyota flabellata;Dictyotales;1.10;0.32;Wakefield & Murray 1998
33°N;Ecklonia cava;Laminariales;5.66;0.04;Kim et al. 2006
33°N;Ecklonia cava;Laminariales;45.20;1.01;Kim et al. 2014
33°N;Egregia menziesii;Laminariales;2.16;0.60;Van Alstyne et al. 1999a
33°N;Egregia menziesii;Laminariales;0.50;0.32;Wakefield & Murray 1998
33°N;Egregia menziesii (blade);Laminariales;2.10;0.60;Van Alstyne et al. 1999b
33°N;Egregia menziesii (meristem);Laminariales;1.38;0.75;Van Alstyne et al. 1999b
33°N;Eisenia arborea;Laminariales;5.02;0.73;Van Alstyne et al. 1999a
33°N;Eisenia arborea;Laminariales;3.50;1.26;Wakefield & Murray 1998
33°N;Eisenia arborea;Laminariales;2.60;0.95;Wakefield & Murray 1998
33°N;Eisenia arborea (blade);Laminariales;4.59;0.88;Van Alstyne et al. 1999b
33°N;Eisenia arborea (meristem);Laminariales;6.68;0.97;Van Alstyne et al. 1999b
33°N;Endarachne binghamiae;Ectocarpales;2.70;0.63;Wakefield & Murray 1998
33°N;Halidrys dioica;Fucales;4.14;3.20;Van Alstyne et al. 1999a
33°N;Halidrys dioica;Fucales;3.80;1.58;Wakefield & Murray 1998
33°N;Hesperophycus harveyanus;Fucales;1.09;0.29;Van Alstyne et al. 1999a
33°N;Macrocystis pyrifera;Laminariales;1.04;0.37;Van Alstyne et al. 1999a
33°N;Macrocystis pyrifera;Laminariales;1.40;0.32;Wakefield & Murray 1998
33°N;Sargassum palmeri;Fucales;1.31;0.44;Van Alstyne et al. 1999a
34°N;Fucus distichus;Fucales;4.75;0.50;Arnold & Targett 1998
34°N;Fucus vesiculosus;Fucales;0.86;n.g.;Deal et al. 2003
35°N;Ecklonia bicyclis;Laminariales;3.10;n.g.;Shibata et al. 2004
35°N;Ecklonia cava;Laminariales;3.30;n.g.;Shibata et al. 2004
35°N;Egregia menziesii;Laminariales;0.40;0.12;Van Alstyne et al. 1999a
35°N;Egregia menziesii (blade);Laminariales;0.40;0.10;Van Alstyne et al. 1999b
35°N;Egregia menziesii (meristem);Laminariales;0.40;0.10;Van Alstyne et al. 1999b
35°N;Eisenia kurome;Laminariales;3.00;n.g.;Shibata et al. 2004
35°N;Laminaria dentigera;Laminariales;0.37;0.08;Van Alstyne et al. 1999a
35°N;Laminaria sinclairii;Laminariales;0.37;0.05;Van Alstyne et al. 1999a
35°N;Lobophora variegata;Dictyotales;4.27;0.21;Targett et al. 1995
35°N;Myagropsis myagroides;Fucales;3.18;2.71;Kamiya et al. 2010
35°N;Pelvetia fastigiata;Fucales;5.98;0.99;Van Alstyne et al. 1999a
35°N;Sargassum confusum;Fucales;9.12;3.18;Kamiya et al. 2010
35°N;Sargassum hemiphyllum;Fucales;7.06;3.64;Kamiya et al. 2010
35°N;Sargassum patens;Fucales;6.35;3.18;Kamiya et al. 2010
35°N;Sargassum siliquastrum;Fucales;5.65;2.25;Kamiya et al. 2010
36°N;Analipus japonicus;Ralfsiales;4.24;0.08;Steinberg 1985
36°N;Coilodesme californica;Ectocarpales;0.43;0.05;Steinberg 1985
36°N;Cystoseira osmundacea;Fucales;1.60;0.63;Van Alstyne et al. 1999a
36°N;Cystoseira osmundaceae;Fucales;4.42;0.08;Steinberg 1985
36°N;Cystoseira tamariscifolia (summer);Fucales;2.00;n.g.;Abdala-Díaz et al. 2006
36°N;Cystoseira tamariscifolia (winter);Fucales;2.00;n.g.;Abdala-Díaz et al. 2006
36°N;Dictyoneurum pyrifera;Laminariales;5.41;0.20;Steinberg 1985
36°N;Egregia menziesii;Laminariales;0.96;0.02;Steinberg 1985
36°N;Egregia menziesii;Laminariales;0.58;0.23;Van Alstyne et al. 1999a
36°N;Egregia menziesii (blade);Laminariales;0.75;0.50;Van Alstyne et al. 1999b
36°N;Egregia menziesii (meristem);Laminariales;0.30;0.05;Van Alstyne et al. 1999b
36°N;Fucus distichus;Fucales;4.35;0.07;Steinberg 1985
36°N;Laminaria dentigera;Laminariales;0.49;0.02;Steinberg 1985
36°N;Laminaria farlowii;Laminariales;4.60;0.46;Van Alstyne et al. 1999a
36°N;Macrocystis pyrifera;Laminariales;1.07;0.05;Steinberg 1985
36°N;Macrocystis pyrifera;Laminariales;1.31;0.26;Van Alstyne et al. 1999a
36°N;Nereocystis luetkeana;Laminariales;0.44;0.03;Steinberg 1985
36°N;Pelvetia fastigiata;Fucales;4.33;0.10;Steinberg 1985
36°N;Pelvetiopsis limitata;Fucales;4.93;0.15;Steinberg 1985
36°N;Postelsia palmaeformis;Laminariales;1.65;0.03;Steinberg 1985
37°N;Alaria nana;Laminariales;3.43;1.55;Van Alstyne et al. 1999a
37°N;Alaria nana (blade);Laminariales;2.90;0.33;Van Alstyne et al. 1999b
37°N;Alaria nana (meristem);Laminariales;5.09;3.31;Van Alstyne et al. 1999b
37°N;Alaria nana (reproductive);Laminariales;4.00;0.44;Van Alstyne et al. 1999b
37°N;Egregia menziesii;Laminariales;0.68;0.11;Van Alstyne et al. 1999a
37°N;Egregia menziesii (blade);Laminariales;0.45;0.20;Van Alstyne et al. 1999b
37°N;Egregia menziesii (meristem);Laminariales;1.30;0.35;Van Alstyne et al. 1999b
37°N;Fucus gardneri;Fucales;2.87;1.35;Van Alstyne et al. 1999a
37°N;Laminaria dentigera;Laminariales;0.30;0.05;Van Alstyne et al. 1999a
37°N;Laminaria farlowii;Laminariales;4.78;0.24;Van Alstyne et al. 1999a
37°N;Laminaria sinclairii;Laminariales;0.36;0.09;Van Alstyne et al. 1999a
37°N;Pelvetia fastigiata;Fucales;5.24;0.76;Van Alstyne et al. 1999a
37°N;Pelvetiopsis limitata;Fucales;2.69;0.77;Van Alstyne et al. 1999a
37°N;Postelsia palmaeformis;Laminariales;1.37;0.22;Van Alstyne et al. 1999a
38°N;Agarum fimbriatum;Laminariales;1.33;0.41;Denton et al. 1990
38°N;Cystoseira amentacea (autumn);Fucales;0.37;0.05;Mannino et al. 2016
38°N;Cystoseira amentacea (spring);Fucales;0.76;0.14;Mannino et al. 2016
38°N;Cystoseira amentacea (summer);Fucales;0.48;0.01;Mannino et al. 2016
38°N;Cystoseira amentacea (winter);Fucales;0.80;0.07;Mannino et al. 2016
38°N;Fucus vesiculosus;Fucales;1.30;0.17;Targett et al. 1992
38°N;Macrocystis pyrifera;Laminariales;1.22;0.23;Targett et al. 1992
38°N;Sargassum muticum;Fucales;3.77;0.15;Steinberg 1986
39°N;Sargassum muticum;Fucales;3.40;0.91;Tanniou et al. 2014
41°N;Alaria marginata;Laminariales;0.93;0.57;Van Alstyne et al. 1999a
41°N;Alaria marginata (blade);Laminariales;0.31;0.10;Van Alstyne et al. 1999b
41°N;Alaria marginata (meristem);Laminariales;1.74;0.82;Van Alstyne et al. 1999b
41°N;Alaria marginata(reproductive);Laminariales;1.13;0.41;Van Alstyne et al. 1999b
41°N;Egregia menziesii;Laminariales;0.48;0.26;Van Alstyne et al. 1999a
41°N;Egregia menziesii (blade);Laminariales;0.60;0.40;Van Alstyne et al. 1999b
41°N;Egregia menziesii (meristem);Laminariales;0.75;0.20;Van Alstyne et al. 1999b
41°N;Laminaria dentigera;Laminariales;0.42;0.09;Van Alstyne et al. 1999a
41°N;Laminaria ochroleuca;Laminariales;0.02;0.00;Rodil et al. 2015a
41°N;Laminaria sinclairii;Laminariales;0.50;0.20;Van Alstyne et al. 1999a
41°N;Lessoniopsis littoralis;Laminariales;0.37;0.12;Van Alstyne et al. 1999a
41°N;Pelvetiopsis limitata;Fucales;4.50;0.54;Van Alstyne et al. 1999a
41°N;Sargassum muticum;Fucales;0.07;0.01;Rodil et al. 2015a
42°N;Laminaria ochroleuca;Laminariales;0.12;0.04;Rodil et al. 2015b
42°N;Sargassum muticum;Fucales;0.10;0.03;Rodil et al. 2015b
42°N;Sargassum muticum;Fucales;0.66;0.15;Tanniou et al. 2014
44°N;Alaria esculenta;Laminariales;9.58;n.g.;Zhang et al. 2006
44°N;Alaria marginata;Laminariales;2.88;0.67;Van Alstyne et al. 1999a
44°N;Alaria marginata (adult);Laminariales;0.73;n.g.;Van Alstyne et al. 2001
44°N;Alaria marginata (blade);Laminariales;2.05;0.56;Van Alstyne et al. 1999b
44°N;Alaria marginata (juvenile);Laminariales;0.82;n.g.;Van Alstyne et al. 2001
44°N;Alaria marginata (meristem);Laminariales;4.00;2.10;Van Alstyne et al. 1999b
44°N;Alaria marginata (reproductive);Laminariales;4.26;0.77;Van Alstyne et al. 1999b
44°N;Ascophyllum nodosum;Fucales;38.95;n.g.;Zhang et al. 2006
44°N;Costaria costata;Laminariales;0.34;0.02;Van Alstyne et al. 1999a
44°N;Costaria costata (adult);Laminariales;0.18;n.g.;Van Alstyne et al. 2001
44°N;Costaria costata (juvenile);Laminariales;0.18;n.g.;Van Alstyne et al. 2001
44°N;Egregia menziesii;Laminariales;1.62;1.16;Van Alstyne et al. 1999a
44°N;Egregia menziesii (adult);Laminariales;0.27;n.g.;Van Alstyne et al. 2001
44°N;Egregia menziesii (blade);Laminariales;1.80;1.40;Van Alstyne et al. 1999b
44°N;Egregia menziesii (juvenile);Laminariales;0.77;n.g.;Van Alstyne et al. 2001
44°N;Egregia menziesii (meristem);Laminariales;4.40;1.50;Van Alstyne et al. 1999b
44°N;Fucus distichus;Fucales;30.40;n.g.;Zhang et al. 2006
44°N;Fucus evanescens;Fucales;23.85;n.g.;Zhang et al. 2006
44°N;Fucus gardneri;Fucales;5.21;0.77;Van Alstyne et al. 1999a
44°N;Fucus gardneri (adult);Fucales;2.95;n.g.;Van Alstyne et al. 2001
44°N;Fucus gardneri (juvenile);Fucales;4.04;n.g.;Van Alstyne et al. 2001
44°N;Fucus spiralis;Fucales;4.30;0.57;Van Alstyne et al. 1999a
44°N;Fucus spiralis (adult);Fucales;3.27;n.g.;Van Alstyne et al. 2001
44°N;Fucus spiralis (juvenile);Fucales;3.00;n.g.;Van Alstyne et al. 2001
44°N;Fucus vesiculosus;Fucales;23.21;n.g.;Zhang et al. 2006
44°N;Hedophyllum sessile;Laminariales;1.44;2.23;Van Alstyne et al. 1999a
44°N;Hedophyllum sessile (adult);Laminariales;0.45;n.g.;Van Alstyne et al. 2001
44°N;Hedophyllum sessile (juvenile);Laminariales;1.04;n.g.;Van Alstyne et al. 2001
44°N;Laminaria dentigera;Laminariales;0.32;0.19;Van Alstyne et al. 1999a
44°N;Laminaria saccharina;Laminariales;2.17;n.g.;Zhang et al. 2006
44°N;Lessoniopsis littoralis;Laminariales;0.28;0.06;Van Alstyne et al. 1999a
44°N;Lessoniopsis littoralis (adult);Laminariales;0.18;n.g.;Van Alstyne et al. 2001
44°N;Lessoniopsis littoralis (juvenile);Laminariales;1.36;n.g.;Van Alstyne et al. 2001
44°N;Nereocystis luetkeana (adult);Laminariales;0.28;n.g.;Van Alstyne et al. 2001
44°N;Nereocystis luetkeana (juvenile);Laminariales;0.18;n.g.;Van Alstyne et al. 2001
44°N;Pelvetiopsis limitata;Fucales;4.41;0.54;Van Alstyne et al. 1999a
45°N;Ascophyllum nodosum;Fucales;3.03;0.54;Targett et al. 1992
45°N;Fucus vesiculosus (1.8±0.8cm);Fucales;7.30;0.63;Denton et al. 1990
45°N;Fucus vesiculosus (32.5±7.5cm);Fucales;12.83;4.00;Denton et al. 1990
47°N;Agarum fimbriatum;Laminariales;4.08;0.52;Denton et al. 1990
47°N;Ascophyllum nodosum;Fucales;4.80;0.50;Connan et al. 2006
47°N;Fucus distichus;Fucales;4.12;0.38;Targett et al. 1992
47°N;Fucus vesiculosus;Fucales;4.71;1.60;Targett et al. 1992
47°N;Laminaria digitata;Laminariales;0.20;0.10;Connan et al. 2006
47°N;Laminaria hyperborea;Laminariales;2.60;1.50;Connan et al. 2006
47°N;Nereocystis luetkeana;Laminariales;0.52;0.01;Targett et al. 1992
47°N;Sargassum muticum;Fucales;1.11;0.11;Plouguerné et al. 2006
48°N;Agarum fimbriatum;Laminariales;3.24;1.14;Van Alstyne et al. 1999a
48°N;Agarum fimbriatum (blade);Laminariales;7.20;2.76;Hammerstrom et al. 1998
48°N;Agarum fimbriatum (holdfast);Laminariales;4.74;1.37;Hammerstrom et al. 1998
48°N;Agarum fimbriatum (stipe single event);Laminariales;14.22;3.67;Hammerstrom et al. 1998
48°N;Agarum fimbriatum (stipe);Laminariales;7.58;1.72;Hammerstrom et al. 1998
48°N;Alaria marginata;Laminariales;1.35;0.19;Van Alstyne & Paul 1990
48°N;Alaria marginata;Laminariales;0.55;0.25;Van Alstyne et al. 1999a
48°N;Alaria marginata;Laminariales;1.59;0.67;Van Alstyne et al. 1999a
48°N;Alaria marginata;Laminariales;2.96;0.50;Van Alstyne et al. 1999a
48°N;Alaria marginata (blade);Laminariales;0.44;0.15;Van Alstyne et al. 1999b
48°N;Alaria marginata (blade);Laminariales;1.44;0.26;Van Alstyne et al. 1999b
48°N;Alaria marginata (blade);Laminariales;3.08;1.28;Van Alstyne et al. 1999b
48°N;Alaria marginata (meristem);Laminariales;0.67;0.36;Van Alstyne et al. 1999b
48°N;Alaria marginata (meristem);Laminariales;1.90;1.74;Van Alstyne et al. 1999b
48°N;Alaria marginata (meristem);Laminariales;4.36;1.08;Van Alstyne et al. 1999b
48°N;Alaria marginata (reproductive);Laminariales;1.18;0.46;Van Alstyne et al. 1999b
48°N;Alaria marginata (reproductive);Laminariales;2.05;0.82;Van Alstyne et al. 1999b
48°N;Alaria nana;Laminariales;0.92;0.15;Van Alstyne et al. 1999a
48°N;Alaria nana (blade);Laminariales;0.87;0.36;Van Alstyne et al. 1999b
48°N;Alaria nana (meristem);Laminariales;1.20;0.36;Van Alstyne et al. 1999b
48°N;Alaria nana (reproductive);Laminariales;0.80;0.51;Van Alstyne et al. 1999b
48°N;Ascophyllum nodosum;Fucales;5.75;n.g.;Connan et al. 2004
48°N;Ascophyllum nodosum;Fucales;6.00;n.g.;Connan et al. 2007
48°N;Ascophyllum nodosum;Fucales;21.42;n.g.;Keyrouz et al. 2011
48°N;Bifurcaria bifurcata;Fucales;3.73;n.g.;Connan et al. 2004
48°N;Bifurcaria bifurcata;Fucales;4.00;n.g.;Connan et al. 2007
48°N;Costaria costata;Laminariales;0.71;0.19;Van Alstyne & Paul 1990
48°N;Costaria costata;Laminariales;0.35;0.05;Van Alstyne et al. 1999a
48°N;Cymanthere triplicata;Laminariales;0.35;0.02;Van Alstyne et al. 1999a
48°N;Cymanthere triplicata;Laminariales;0.38;0.03;Van Alstyne et al. 1999a
48°N;Egregia menziesii;Laminariales;0.25;0.03;Van Alstyne & Paul 1990
48°N;Egregia menziesii;Laminariales;0.33;0.11;Van Alstyne et al. 1999a
48°N;Egregia menziesii;Laminariales;0.36;0.07;Van Alstyne et al. 1999a
48°N;Egregia menziesii (blade);Laminariales;0.30;0.10;Van Alstyne et al. 1999b
48°N;Egregia menziesii (blade);Laminariales;0.35;0.15;Van Alstyne et al. 1999b
48°N;Egregia menziesii (meristem);Laminariales;0.25;0.05;Van Alstyne et al. 1999b
48°N;Egregia menziesii (meristem);Laminariales;0.35;0.10;Van Alstyne et al. 1999b
48°N;Fucus distichus;Fucales;5.36;1.48;Van Alstyne & Paul 1990
48°N;Fucus distichus;Fucales;9.64;2.09;Van Alstyne 1988
48°N;Fucus gardneri;Fucales;4.59;0.71;Van Alstyne et al. 1999a
48°N;Fucus gardneri;Fucales;3.55;0.41;Van Alstyne et al. 1999a
48°N;Fucus serratus;Fucales;4.27;n.g.;Connan et al. 2004
48°N;Fucus serratus;Fucales;12.36;n.g.;Keyrouz et al. 2011
48°N;Fucus spiralis;Fucales;3.88;n.g.;Connan et al. 2004
48°N;Fucus spiralis;Fucales;1.55;0.26;Van Alstyne et al. 1999a
48°N;Fucus vesiculosus;Fucales;5.93;n.g.;Connan et al. 2004
48°N;Fucus vesiculosus;Fucales;1.43;0.52;Creis et al. 2015
48°N;Fucus vesiculosus;Fucales;22.71;n.g.;Keyrouz et al. 2011
48°N;Hedophyllum sessile;Laminariales;1.96;0.55;Van Alstyne & Paul 1990
48°N;Hedophyllum sessile;Laminariales;0.31;0.10;Van Alstyne et al. 1999a
48°N;Hedophyllum sessile;Laminariales;2.76;0.23;Van Alstyne et al. 1999a
48°N;Hedophyllum sessile (field blade);Laminariales;4.92;1.06;Hammerstrom et al. 1998
48°N;Hedophyllum sessile (field holdfast);Laminariales;4.68;0.98;Hammerstrom et al. 1998
48°N;Hedophyllum sessile (relocated blade);Laminariales;5.35;0.93;Hammerstrom et al. 1998
48°N;Himanthalia elongata;Fucales;2.17;n.g.;Connan et al. 2004
48°N;Laminaria complanata;Laminariales;2.26;1.00;Van Alstyne et al. 1999a
48°N;Laminaria complanata (stipe);Laminariales;2.25;0.51;Hammerstrom et al. 1998
48°N;Laminaria dentigera;Laminariales;0.72;0.50;Van Alstyne & Paul 1990
48°N;Laminaria digitata;Laminariales;0.13;n.g.;Connan et al. 2004
48°N;Laminaria groenlandica;Laminariales;1.08;0.86;Van Alstyne et al. 1999a
48°N;Laminaria groenlandica;Laminariales;0.85;0.04;Van Alstyne et al. 1999a
48°N;Laminaria groenlandica (adult blade);Laminariales;1.27;0.34;Hammerstrom et al. 1998
48°N;Laminaria groenlandica (adult stipe);Laminariales;3.12;1.07;Hammerstrom et al. 1998
48°N;Laminaria groenlandica (juvenile blade);Laminariales;1.65;0.34;Hammerstrom et al. 1998
48°N;Laminaria setchelli;Laminariales;0.44;0.49;Van Alstyne et al. 1999a
48°N;Nereocystis luetkeana;Laminariales;0.59;0.07;Van Alstyne & Paul 1990
48°N;Pelvetia canaliculata;Fucales;3.39;n.g.;Connan et al. 2004
48°N;Pelvetia canaliculata;Fucales;3.00;n.g.;Connan et al. 2007
48°N;Pelvetiopsis limitata;Fucales;11.12;1.93;Van Alstyne & Paul 1990
48°N;Pelvetiopsis limitata;Fucales;2.75;0.90;Van Alstyne et al. 1999a
48°N;Pleurophycus gardneri (blade);Laminariales;5.44;1.65;Hammerstrom et al. 1998
48°N;Pleurophycus gardneri (holdfast);Laminariales;4.55;1.20;Hammerstrom et al. 1998
48°N;Pleurophycus gardneri (stipe);Laminariales;7.04;2.49;Hammerstrom et al. 1998
48°N;Postelsia palmaeformis;Laminariales;0.49;0.49;Van Alstyne & Paul 1990
48°N;Sargassum muticum;Fucales;4.90;2.90;Connan et al. 2006
48°N;Sargassum muticum;Fucales;1.85;0.09;Plouguerné et al. 2006
48°N;Sargassum muticum;Fucales;1.39;0.10;Plouguerné et al. 2006
48°N;Sargassum muticum;Fucales;1.26;0.11;Tanniou et al. 2014
51°N;Eualaria fistulosa (barren areas);Laminariales;2.00;0.82;Schuster & Konar 2014
51°N;Eualaria fistulosa (barren areas);Laminariales;1.75;1.48;Schuster & Konar 2014
51°N;Eualaria fistulosa (barren areas);Laminariales;3.34;0.16;Schuster & Konar 2014
51°N;Eualaria fistulosa (barren areas);Laminariales;3.06;0.82;Schuster & Konar 2014
51°N;Eualaria fistulosa (barren areas);Laminariales;1.47;1.06;Schuster & Konar 2014
51°N;Eualaria fistulosa (foliose algal assemblages);Laminariales;2.81;0.74;Schuster & Konar 2014
51°N;Eualaria fistulosa (foliose algal assemblages);Laminariales;3.44;1.65;Schuster & Konar 2014
51°N;Eualaria fistulosa (foliose algal assemblages);Laminariales;4.66;0.33;Schuster & Konar 2014
51°N;Eualaria fistulosa (foliose algal assemblages);Laminariales;4.94;0.82;Schuster & Konar 2014
51°N;Eualaria fistulosa (foliose algal assemblages);Laminariales;3.13;2.49;Schuster & Konar 2014
52°N;Eualaria fistulosa (barren areas);Laminariales;0.88;0.82;Schuster & Konar 2014
52°N;Eualaria fistulosa (barren areas);Laminariales;5.13;0.90;Schuster & Konar 2014
52°N;Eualaria fistulosa (foliose algal assemblages);Laminariales;3.38;2.80;Schuster & Konar 2014
52°N;Eualaria fistulosa (foliose algal assemblages);Laminariales;4.16;0.74;Schuster & Konar 2014
52°N;Fucus serratus;Fucales;8.19;0.19;Heffernan et al. 2015a
53°N;Ascophyllum nodosum;Fucales;6.66;0.70;Quéguineur et al. 2013
53°N;Ascophyllum nodosum;Fucales;12.74;0.75;Tierney et al. 2013a
53°N;Ascophyllum nodosum;Fucales;14.60;0.32;Tierney et al. 2013b
53°N;Cystoseira nodicaulis;Fucales;8.91;0.26;Heffernan et al. 2015b
53°N;Eualaria fistulosa (barren areas);Laminariales;4.40;0.99;Schuster & Konar 2014
53°N;Eualaria fistulosa (foliose algal assemblages);Laminariales;4.06;1.24;Schuster & Konar 2014
53°N;Fucus serratus;Fucales;18.06;1.70;Heffernan et al. 2015b
53°N;Fucus spiralis;Fucales;18.75;0.97;Tierney et al. 2013a
53°N;Fucus spiralis;Fucales;12.86;0.06;Tierney et al. 2013b
53°N;Fucus vesiculosus;Fucales;23.20;0.90;Heffernan et al. 2015b
53°N;Himanthalia elongata;Fucales;19.83;0.92;Heffernan et al. 2015b
53°N;Himanthalia elongata;Fucales;2.79;0.55;Quéguineur et al. 2013
53°N;Pelvetia canaliculata;Fucales;6.82;0.34;Tierney et al. 2013a
53°N;Pelvetia canaliculata;Fucales;13.33;0.00;Tierney et al. 2013b
53°N;Sargassum muticum;Fucales;0.85;0.12;Tanniou et al. 2014
54°N;Ascophyllum nodosum;Fucales;6.46;n.g.;Pavia et al. 2003
54°N;Ascophyllum nodosum (site 1 1992);Fucales;11.55;n.g.;Pavia et al. 1999
54°N;Ascophyllum nodosum (site 1 1993);Fucales;8.22;n.g.;Pavia et al. 1999
54°N;Ascophyllum nodosum (site 2 1992);Fucales;8.67;n.g.;Pavia et al. 1999
54°N;Ascophyllum nodosum (site 2 1993);Fucales;6.78;n.g.;Pavia et al. 1999
54°N;Ascophyllum nodosum (site 3 1992);Fucales;7.56;n.g.;Pavia et al. 1999
54°N;Ascophyllum nodosum (site 3 1993);Fucales;6.67;n.g.;Pavia et al. 1999
58°N;Ascophyllum nodosum;Fucales;4.00;n.g.;Pavia & Toth 2000
58°N;Ascophyllum nodosum;Fucales;5.81;n.g.;Pavia et al. 2003
58°N;Ascophyllum nodosum;Fucales;3.50;n.g.;Toth & Pavia 2000
58°N;Ascophyllum nodosum;Fucales;5.59;0.60;Toth et al. 2007
58°N;Ascophyllum nodosum (site 1 1992);Fucales;6.22;n.g.;Pavia et al. 1999
58°N;Ascophyllum nodosum (site 1 1993);Fucales;7.33;n.g.;Pavia et al. 1999
58°N;Ascophyllum nodosum (site 2 1992);Fucales;7.78;n.g.;Pavia et al. 1999
58°N;Ascophyllum nodosum (site 2 1993);Fucales;8.22;n.g.;Pavia et al. 1999
58°N;Ascophyllum nodosum (site 3 1992);Fucales;7.11;n.g.;Pavia et al. 1999
58°N;Ascophyllum nodosum (site 3 1993);Fucales;8.22;n.g.;Pavia et al. 1999
58°N;Fucus radicans;Fucales;2.30;n.g.;Forslund et al. 2012
58°N;Fucus vesiculosus;Fucales;4.90;n.g.;Forslund et al. 2012
58°N;Laminaria hyperborea;Laminariales;2.96;1.14;Toth & Pavia 2002
59°N;Agarum clathratum (blade summer);Laminariales;6.43;n.g.;Dubois & Iken 2012
59°N;Agarum clathratum (blade winter);Laminariales;5.14;n.g.;Dubois & Iken 2012
59°N;Agarum clathratum (stipe summer);Laminariales;4.71;n.g.;Dubois & Iken 2012
59°N;Agarum clathratum (stipe winter);Laminariales;4.29;n.g.;Dubois & Iken 2012
59°N;Fucus vesiculosus;Fucales;6.92;1.49;Koivikko et al. 2008
59°N;Nereocystis luetkeana (blade summer);Laminariales;1.93;n.g.;Dubois & Iken 2012
59°N;Nereocystis luetkeana (blade winter);Laminariales;0.43;n.g.;Dubois & Iken 2012
59°N;Nereocystis luetkeana (stipe summer);Laminariales;0.29;n.g.;Dubois & Iken 2012
59°N;Nereocystis luetkeana (stipe winter);Laminariales;0.21;n.g.;Dubois & Iken 2012
59°N;Saccharina groenlandica (blade summer);Laminariales;3.43;n.g.;Dubois & Iken 2012
59°N;Saccharina groenlandica (blade winter);Laminariales;4.36;n.g.;Dubois & Iken 2012
59°N;Saccharina groenlandica (stipe summer);Laminariales;1.00;n.g.;Dubois & Iken 2012
59°N;Saccharina groenlandica (stipe winter);Laminariales;1.93;n.g.;Dubois & Iken 2012
59°N;Saccharina latissima (blade summer);Laminariales;4.71;n.g.;Dubois & Iken 2012
59°N;Saccharina latissima (blade winter);Laminariales;6.29;n.g.;Dubois & Iken 2012
59°N;Saccharina latissima (stipe summer);Laminariales;35.71;n.g.;Dubois & Iken 2012
59°N;Saccharina latissima (stipe winter);Laminariales;35.86;n.g.;Dubois & Iken 2012
60°N;Fucus vesiculosus;Fucales;4.60;0.77;Jormalainen et al. 2003
60°N;Fucus vesiculosus;Fucales;7.99;0.23;Koivikko et al. 2005
60°N;Fucus vesiculosus;Fucales;7.47;1.52;Koivikko et al. 2008
60°N;Fucus vesiculosus (control sites apical parts);Fucales;9.17;7.52;Hemmi et al. 2005
60°N;Fucus vesiculosus (control sites basal parts);Fucales;9.34;8.85;Hemmi et al. 2005
60°N;Fucus vesiculosus (exposed. atached);Fucales;5.60;1.60;Ilvessalo & Tuomi 1989
60°N;Fucus vesiculosus (fertile - 1 year old);Fucales;4.90;0.50;Tuomi et al. 1989
60°N;Fucus vesiculosus (fertile - 1 year old);Fucales;5.00;0.70;Tuomi et al. 1989
60°N;Fucus vesiculosus (fertile - 1 year old);Fucales;5.20;0.80;Tuomi et al. 1989
60°N;Fucus vesiculosus (fertile - receptacle);Fucales;1.90;0.60;Tuomi et al. 1989
60°N;Fucus vesiculosus (fertile - receptacle);Fucales;1.30;0.70;Tuomi et al. 1989
60°N;Fucus vesiculosus (fertile - receptacle);Fucales;1.60;0.50;Tuomi et al. 1989
60°N;Fucus vesiculosus (fish farms apical parts);Fucales;10.93;5.93;Hemmi et al. 2005
60°N;Fucus vesiculosus (fish farms basal parts);Fucales;10.85;8.18;Hemmi et al. 2005
60°N;Fucus vesiculosus (sheltered. attached);Fucales;8.60;1.00;Ilvessalo & Tuomi 1989
60°N;Fucus vesiculosus (sheltered. loose);Fucales;9.90;1.50;Ilvessalo & Tuomi 1989
60°N;Fucus vesiculosus (vegetative - 1 year old);Fucales;4.70;0.50;Tuomi et al. 1989
60°N;Fucus vesiculosus (vegetative - 1 year old);Fucales;5.30;0.10;Tuomi et al. 1989
60°N;Fucus vesiculosus (vegetative - 1 year old);Fucales;6.10;0.90;Tuomi et al. 1989
60°N;Fucus vesiculosus (vegetative - apical);Fucales;3.10;0.30;Tuomi et al. 1989
60°N;Fucus vesiculosus (vegetative - apical);Fucales;4.80;1.20;Tuomi et al. 1989
60°N;Fucus vesiculosus (vegetative - apical);Fucales;6.20;0.90;Tuomi et al. 1989
60°N;Sargassum muticum;Fucales;1.79;0.28;Tanniou et al. 2014
61°N;Ascophyllum nodosum;Fucales;0.80;n.g.;Pedersen 1984
61°N;Fucus vesiculosus;Fucales;6.01;1.25;Koivikko et al. 2008
61°N;Fucus vesiculosus;Fucales;4.80;n.g.;Pedersen 1984
64°N;Fucus vesiculosus;Fucales;30.00;n.g.;Wang et al. 2012
