Hemisphere;Latitude;Longitude;Species;Order;Mean;SD;CV (%);Reference
North Atlantic;36°52'N;2°12'W;Cystoseira tamariscifolia (summer);Fucales;8;n.g.;n.c.;Abdala-Díaz et al. 2006
North Atlantic;36°52'N;2°12'W;Cystoseira tamariscifolia (winter);Fucales;2;n.g.;n.c.;Abdala-Díaz et al. 2006
North Atlantic;24°52'N;77°53'W;Lobophora variegata;Dictyotales;3.55;0.62;17.56;Arnold & Targett 1998
North Atlantic;24°52'N;77°53'W;Sargassum pteropleuron;Fucales;4.32;0.24;5.61;Arnold & Targett 1998
North IP;34°37'N;120°40'W;Fucus distichus;Fucales;4.75;0.5;10.57;Arnold & Targett 1998
North Atlantic;32°19'N;64°43'W;Lobophora variegata (cultured);Dictyotales;6.17;0.38;6.15;Arnold & Targett 2000
South IP;37°30'S;140°2'E;Ecklonia radiata;Laminariales;3.4;n.g.;n.c.;Charoensiddhi et al. 2014
North Atlantic;28°N;15°W;Cystoseira compressa;Fucales;4.83;n.g.;n.c.;Chkhikvishvili & Ramazanov 2000
North Atlantic;28°N;15°W;Cystoseira foeniculaceae;Fucales;2.16;n.g.;n.c.;Chkhikvishvili & Ramazanov 2000
North Atlantic;28°N;15°W;Dictyopteris membranaceae;Dictyotales;0.09;n.g.;n.c.;Chkhikvishvili & Ramazanov 2000
North Atlantic;28°N;15°W;Dictyota ciliolata;Dictyotales;0.08;n.g.;n.c.;Chkhikvishvili & Ramazanov 2000
North Atlantic;28°N;15°W;Dictyota sp.2;Dictyotales;0;n.g.;n.c.;Chkhikvishvili & Ramazanov 2000
North Atlantic;28°N;15°W;Dictytota sp.1;Dictyotales;0.03;n.g.;n.c.;Chkhikvishvili & Ramazanov 2000
North Atlantic;28°N;15°W;Fucus spiralis;Fucales;2.17;n.g.;n.c.;Chkhikvishvili & Ramazanov 2000
North Atlantic;28°N;15°W;Halopteris scoparia;Sphaceraliales;0.16;n.g.;n.c.;Chkhikvishvili & Ramazanov 2000
North Atlantic;28°N;15°W;Lobophora variegata;Dictyotales;1.2;n.g.;n.c.;Chkhikvishvili & Ramazanov 2000
North Atlantic;28°N;15°W;Padina pavonica;Dictyotales;0.69;n.g.;n.c.;Chkhikvishvili & Ramazanov 2000
North Atlantic;28°N;15°W;Sargassum desfontrainessi;Fucales;1.68;n.g.;n.c.;Chkhikvishvili & Ramazanov 2000
North Atlantic;28°N;15°W;Sargassum furcatum;Fucales;2.97;n.g.;n.c.;Chkhikvishvili & Ramazanov 2000
North Atlantic;28°N;15°W;Stypopodium zonale;Dictyotales;1.22;n.g.;n.c.;Chkhikvishvili & Ramazanov 2000
North Atlantic;28°N;15°W;Zonaria tonznefortii;Dictyotales;1.06;n.g.;n.c.;Chkhikvishvili & Ramazanov 2000
North IP;48°32'N;4°39' W;Ascophyllum nodosum;Fucales;5.75;n.g.;n.c.;Connan et al. 2004
North IP;48°32'N;4°39' W;Bifurcaria bifurcata;Fucales;3.73;n.g.;n.c.;Connan et al. 2004
North IP;48°32'N;4°39' W;Fucus serratus;Fucales;4.27;n.g.;n.c.;Connan et al. 2004
North IP;48°32'N;4°39' W;Fucus spiralis;Fucales;3.88;n.g.;n.c.;Connan et al. 2004
North IP;48°32'N;4°39' W;Fucus vesiculosus;Fucales;5.93;n.g.;n.c.;Connan et al. 2004
North IP;48°32'N;4°39' W;Himanthalia elongata;Fucales;2.17;n.g.;n.c.;Connan et al. 2004
North IP;48°32'N;4°39' W;Laminaria digitata;Laminariales;0.13;n.g.;n.c.;Connan et al. 2004
North IP;48°32'N;4°39' W;Pelvetia canaliculata;Fucales;3.39;n.g.;n.c.;Connan et al. 2004
North Atlantic;47°51'N;3°54'W;Ascophyllum nodosum;Fucales;4.8;0.5;10.42;Connan et al. 2006
North Atlantic;47°51'N;3°54'W;Laminaria digitata;Laminariales;0.2;0.1;50;Connan et al. 2006
North Atlantic;47°51'N;3°54'W;Laminaria hyperborea;Laminariales;2.6;1.5;57.69;Connan et al. 2006
North IP;48°32'N;4°39' W;Sargassum muticum;Fucales;4.9;2.9;59.18;Connan et al. 2006
North IP;48°32'N;4°39' W;Ascophyllum nodosum;Fucales;6;n.g.;n.c.;Connan et al. 2007
North IP;48°32'N;4°39' W;Bifurcaria bifurcata;Fucales;4;n.g.;n.c.;Connan et al. 2007
North IP;48°32'N;4°39' W;Pelvetia canaliculata;Fucales;3;n.g.;n.c.;Connan et al. 2007
North IP;48°22'N;4°33'W;Fucus vesiculosus;Fucales;1.43;0.52;36.52;Creis et al. 2015
South IP;39°51'S;73°23'W;Durvillaea antarctica;Fucales;1.56;n.g.;n.c.;Cruces et al. 2013
South IP;39°51'S;73°23'W;Lessonia nigrescens;Laminariales;0.62;n.g.;n.c.;Cruces et al. 2013
South IP;39°51'S;73°23'W;Lessonia spicata;Laminariales;0.53;0.06;11.3;Cruces et al. 2015
North IP;12°15'N;109°12'E;Sargassum aquifolium;Fucales;0.68;n.g.;n.c.;Cuong et al. 2015
North IP;12°15'N;109°12'E;Sargassum denticarpum;Fucales;0.1;n.g.;n.c.;Cuong et al. 2015
North IP;12°15'N;109°12'E;Sargassum mcclurei;Fucales;0.21;n.g.;n.c.;Cuong et al. 2015
North IP;12°15'N;109°12'E;Sargassum olygocystum;Fucales;0.24;n.g.;n.c.;Cuong et al. 2015
North IP;12°15'N;109°12'E;Sargassum polycystum;Fucales;0.07;n.g.;n.c.;Cuong et al. 2015
North IP;12°15'N;109°12'E;Sargassum serratum;Fucales;0.13;n.g.;n.c.;Cuong et al. 2015
North Atlantic;34°43'N;76°41'W;Fucus vesiculosus;Fucales;0.86;n.g.;n.c.;Deal et al. 2003
North Atlantic;44°29'N;63°56'W;Fucus vesiculosus (1.8±0.8cm);Fucales;7.3;0.63;8.63;Denton et al. 1990
North Atlantic;44°29'N;63°56'W;Fucus vesiculosus (32.5±7.5cm);Fucales;12.83;4;31.18;Denton et al. 1990
South IP;39°51'S;73°24'W;Desmarestia antarctica (blade);Desmarestiales;1.32;0.13;9.45;Duarte et al. 2011
South IP;39°51'S;73°24'W;Desmarestia antarctica (stipe);Desmarestiales;0.93;0.15;15.75;Duarte et al. 2011
North IP;59°30'N;151°31'W;Agarum clathratum (blade summer);Laminariales;6.43;n.g.;n.c.;Dubois & Iken 2012
North IP;59°30'N;151°31'W;Agarum clathratum (blade winter);Laminariales;5.14;n.g.;n.c.;Dubois & Iken 2012
North IP;59°30'N;151°31'W;Agarum clathratum (stipe summer);Laminariales;4.71;n.g.;n.c.;Dubois & Iken 2012
North IP;59°30'N;151°31'W;Agarum clathratum (stipe winter);Laminariales;4.29;n.g.;n.c.;Dubois & Iken 2012
North IP;59°30'N;151°31'W;Nereocystis luetkeana (blade summer);Laminariales;1.93;n.g.;n.c.;Dubois & Iken 2012
North IP;59°30'N;151°31'W;Nereocystis luetkeana (blade winter);Laminariales;0.43;n.g.;n.c.;Dubois & Iken 2012
North IP;59°30'N;151°31'W;Nereocystis luetkeana (stipe summer);Laminariales;0.29;n.g.;n.c.;Dubois & Iken 2012
North IP;59°30'N;151°31'W;Nereocystis luetkeana (stipe winter);Laminariales;0.21;n.g.;n.c.;Dubois & Iken 2012
North IP;59°30'N;151°31'W;Saccharina groenlandica (blade summer);Laminariales;3.43;n.g.;n.c.;Dubois & Iken 2012
North IP;59°30'N;151°31'W;Saccharina groenlandica (blade winter);Laminariales;4.36;n.g.;n.c.;Dubois & Iken 2012
North IP;59°30'N;151°31'W;Saccharina groenlandica (stipe summer);Laminariales;1;n.g.;n.c.;Dubois & Iken 2012
North IP;59°30'N;151°31'W;Saccharina groenlandica (stipe winter);Laminariales;1.93;n.g.;n.c.;Dubois & Iken 2012
North IP;59°30'N;151°31'W;Saccharina latissima (blade summer);Laminariales;4.71;n.g.;n.c.;Dubois & Iken 2012
North IP;59°30'N;151°31'W;Saccharina latissima (blade winter);Laminariales;6.29;n.g.;n.c.;Dubois & Iken 2012
North IP;59°30'N;151°31'W;Saccharina latissima (stipe summer);Laminariales;35.71;n.g.;n.c.;Dubois & Iken 2012
North IP;59°30'N;151°31'W;Saccharina latissima (stipe winter);Laminariales;35.86;n.g.;n.c.;Dubois & Iken 2012
South Atlantic;64°46'S;64°04'W;Desmarestia anceps;Desmarestiales;11.7;3;25.64;Fairhead et al. 2005
South Atlantic;64°46'S;64°04'W;Desmarestia menziesii;Desmarestiales;5.2;2;38.46;Fairhead et al. 2005
South Atlantic;64°46'S;64°04'W;Desmarestia anceps;Desmarestiales;3.3;n.g.;n.c.;Fairhead et al. 2006
South Atlantic;64°46'S;64°04'W;Desmarestia menziesii;Desmarestiales;6;n.g.;n.c.;Fairhead et al. 2006
South Atlantic;23°02'S;44°10'W;Dictyopteris plagiogramma;Dictyotales;0.72;0.16;22.22;Fleury et al. 1994
South Atlantic;23°01'S;44°25'W;Dictyota cervicornis (=Canistrocarpus cervicornis);Dictyotales;0.87;0.06;6.9;Fleury et al. 1994
South Atlantic;23°01'S;44°25'W;Sargassum cymosum;Fucales;0.81;0.02;2.47;Fleury et al. 1994
South Atlantic;22°44'S;44°00'W;Dictyopteris delicatula;Dictyotales;0.51;0;n.c.;Fleury et al. 1994
South Atlantic;22°44'S;44°00'W;Dictyota cervicornis (=Canistrocarpus cervicornis);Dictyotales;0.37;0;n.c.;Fleury et al. 1994
South Atlantic;22°44'S;44°00'W;Dictyota dichotoma;Dictyotales;0.13;0.01;7.69;Fleury et al. 1994
South Atlantic;22°44'S;44°00'W;Dictyota mertensii;Dictyotales;0.32;0.04;12.5;Fleury et al. 1994
South Atlantic;22°44'S;44°00'W;Sargassum furcatum;Fucales;1.43;0.02;1.4;Fleury et al. 1994
North Atlantic;58°49'N;19°30'E;Fucus radicans;Fucales;2.3;n.g.;n.c.;Forslund et al. 2012
North Atlantic;58°49'N;19°30'E;Fucus vesiculosus;Fucales;4.9;n.g.;n.c.;Forslund et al. 2012
South Atlantic;62°12'S;58°58'W;Ascoseira mirabilis (10m);Ascoseirales;0.71;0.17;24;Gómez & Huovinen 2015
South Atlantic;62°12'S;58°58'W;Ascoseira mirabilis (20m);Ascoseirales;0.66;0.24;36.3;Gómez & Huovinen 2015
South Atlantic;62°12'S;58°58'W;Ascoseira mirabilis (5m);Ascoseirales;0.88;0.14;15.54;Gómez & Huovinen 2015
South Atlantic;62°12'S;58°58'W;Desmarestia anceps (10m);Desmarestiales;11.74;0.47;4.04;Gómez & Huovinen 2015
South Atlantic;62°12'S;58°58'W;Desmarestia anceps (20m);Desmarestiales;14.55;0.47;3.26;Gómez & Huovinen 2015
South Atlantic;62°12'S;58°58'W;Desmarestia anceps (30m);Desmarestiales;9.19;0.16;1.72;Gómez & Huovinen 2015
South Atlantic;62°12'S;58°58'W;Desmarestia menziesii (10m);Desmarestiales;6.13;0.08;1.29;Gómez & Huovinen 2015
South Atlantic;62°12'S;58°58'W;Desmarestia menziesii (20m);Desmarestiales;3.57;0.63;17.68;Gómez & Huovinen 2015
South Atlantic;62°12'S;58°58'W;Desmarestia menziesii (30m);Desmarestiales;5.11;0.32;6.19;Gómez & Huovinen 2015
South Atlantic;62°12'S;58°58'W;Himantothallus grandifolius (10m);Desmarestiales;11.23;0.47;4.22;Gómez & Huovinen 2015
South Atlantic;62°12'S;58°58'W;Himantothallus grandifolius (20m);Desmarestiales;7.4;0.32;4.27;Gómez & Huovinen 2015
South Atlantic;62°12'S;58°58'W;Himantothallus grandifolius (30m);Desmarestiales;9.19;0.32;3.44;Gómez & Huovinen 2015
North IP;48°31'N;123°01'W;Agarum fimbriatum (blade);Laminariales;7.2;2.76;38.33;Hammerstrom et al. 1998
North IP;48°31'N;123°01'W;Agarum fimbriatum (holdfast);Laminariales;4.74;1.37;28.9;Hammerstrom et al. 1998
North IP;48°31'N;123°01'W;Agarum fimbriatum (stipe single event);Laminariales;14.22;3.67;25.81;Hammerstrom et al. 1998
North IP;48°31'N;123°01'W;Agarum fimbriatum (stipe);Laminariales;7.58;1.72;22.69;Hammerstrom et al. 1998
North IP;48°31'N;123°01'W;Hedophyllum sessile (field blade);Laminariales;4.92;1.06;21.54;Hammerstrom et al. 1998
North IP;48°31'N;123°01'W;Hedophyllum sessile (field holdfast);Laminariales;4.68;0.98;20.94;Hammerstrom et al. 1998
North IP;48°31'N;123°01'W;Hedophyllum sessile (relocated blade);Laminariales;5.35;0.93;17.38;Hammerstrom et al. 1998
North IP;48°31'N;123°01'W;Laminaria complanata (stipe);Laminariales;2.25;0.51;22.67;Hammerstrom et al. 1998
North IP;48°31'N;123°01'W;Laminaria groenlandica (adult blade);Laminariales;1.27;0.34;26.77;Hammerstrom et al. 1998
North IP;48°31'N;123°01'W;Laminaria groenlandica (adult stipe);Laminariales;3.12;1.07;34.29;Hammerstrom et al. 1998
North IP;48°31'N;123°01'W;Laminaria groenlandica (juvenile blade);Laminariales;1.65;0.34;20.61;Hammerstrom et al. 1998
North IP;48°31'N;123°01'W;Pleurophycus gardneri (blade);Laminariales;5.44;1.65;30.33;Hammerstrom et al. 1998
North IP;48°31'N;123°01'W;Pleurophycus gardneri (holdfast);Laminariales;4.55;1.2;26.37;Hammerstrom et al. 1998
North IP;48°31'N;123°01'W;Pleurophycus gardneri (stipe);Laminariales;7.04;2.49;35.37;Hammerstrom et al. 1998
North Atlantic;60°14'N;21°40'E;Fucus vesiculosus (control sites apical parts);Fucales;9.17;7.52;81.96;Hemmi et al. 2005
North Atlantic;60°14'N;21°40'E;Fucus vesiculosus (control sites basal parts);Fucales;9.34;8.85;94.81;Hemmi et al. 2005
North Atlantic;60°14'N;21°40'E;Fucus vesiculosus (fish farms apical parts);Fucales;10.93;5.93;54.24;Hemmi et al. 2005
North Atlantic;60°14'N;21°40'E;Fucus vesiculosus (fish farms basal parts);Fucales;10.85;8.18;75.43;Hemmi et al. 2005
South Atlantic;64°46'S;64°04'W;Adenocystis utricularis;Ectocarpales;1.6;n.g.;n.c.;Iken et al. 2007
South Atlantic;64°46'S;64°04'W;Ascoseira mirabilis (blade tip);Ascoseirales;1.6;n.g.;n.c.;Iken et al. 2007
South Atlantic;64°46'S;64°04'W;Ascoseira mirabilis (holdfast);Ascoseirales;6.27;n.g.;n.c.;Iken et al. 2007
South Atlantic;64°46'S;64°04'W;Ascoseira mirabilis (middle blade);Ascoseirales;2.27;n.g.;n.c.;Iken et al. 2007
South Atlantic;64°46'S;64°04'W;Chordaria linearis;Ectocarpales;2;n.g.;n.c.;Iken et al. 2007
South Atlantic;64°46'S;64°04'W;Cystophaera jacquinotii (main axis);Fucales;2.67;n.g.;n.c.;Iken et al. 2007
South Atlantic;64°46'S;64°04'W;Cystophaera jacquinotii (middle blade);Fucales;2.93;n.g.;n.c.;Iken et al. 2007
South Atlantic;64°46'S;64°04'W;Cystophaera jacquinotii (pneumatocysts);Fucales;0.53;n.g.;n.c.;Iken et al. 2007
South Atlantic;64°46'S;64°04'W;Cystophaera jacquinotii (receptacles);Fucales;4.53;n.g.;n.c.;Iken et al. 2007
South Atlantic;64°46'S;64°04'W;Desmarestia anceps (branch);Desmarestiales;4;n.g.;n.c.;Iken et al. 2007
South Atlantic;64°46'S;64°04'W;Desmarestia anceps (holdfast);Desmarestiales;2;n.g.;n.c.;Iken et al. 2007
South Atlantic;64°46'S;64°04'W;Desmarestia anceps (stipe);Desmarestiales;4.53;n.g.;n.c.;Iken et al. 2007
South Atlantic;64°46'S;64°04'W;Desmarestia antarctica (branch);Desmarestiales;8.93;n.g.;n.c.;Iken et al. 2007
South Atlantic;64°46'S;64°04'W;Desmarestia antarctica (holdfast);Desmarestiales;3.2;n.g.;n.c.;Iken et al. 2007
South Atlantic;64°46'S;64°04'W;Desmarestia menziesii (branch);Desmarestiales;1.33;n.g.;n.c.;Iken et al. 2007
South Atlantic;64°46'S;64°04'W;Desmarestia menziesii (holdfast);Desmarestiales;2.8;n.g.;n.c.;Iken et al. 2007
South Atlantic;64°46'S;64°04'W;Himantothallus grandifolius (blade tip);Desmarestiales;6.27;n.g.;n.c.;Iken et al. 2007
South Atlantic;64°46'S;64°04'W;Himantothallus grandifolius (holdfast);Desmarestiales;6.8;n.g.;n.c.;Iken et al. 2007
South Atlantic;64°46'S;64°04'W;Himantothallus grandifolius (middle blade);Desmarestiales;5.2;n.g.;n.c.;Iken et al. 2007
South Atlantic;64°46'S;64°04'W;Phaeurus antarcticus;Desmarestiales;4.93;n.g.;n.c.;Iken et al. 2007
North Atlantic;60°14'N;21°59'E;Fucus vesiculosus (exposed. atached);Fucales;5.6;1.6;28.57;Ilvessalo & Tuomi 1989
North Atlantic;60°14'N;21°59'E;Fucus vesiculosus (sheltered. attached);Fucales;8.6;1;11.63;Ilvessalo & Tuomi 1989
North Atlantic;60°14'N;21°59'E;Fucus vesiculosus (sheltered. loose);Fucales;9.9;1.5;15.15;Ilvessalo & Tuomi 1989
North Atlantic;60°06'N;22°18'E;Fucus vesiculosus;Fucales;4.6;0.77;16.84;Jormalainen et al. 2003
North IP;35°33'N;135°50'E;Myagropsis myagroides;Fucales;3.18;2.71;85.25;Kamiya et al. 2010
North IP;35°33'N;135°50'E;Sargassum confusum;Fucales;9.12;3.18;34.82;Kamiya et al. 2010
North IP;35°33'N;135°50'E;Sargassum hemiphyllum;Fucales;7.06;3.64;51.57;Kamiya et al. 2010
North IP;35°33'N;135°50'E;Sargassum patens;Fucales;6.35;3.18;50.01;Kamiya et al. 2010
North IP;35°33'N;135°50'E;Sargassum siliquastrum;Fucales;5.65;2.25;39.76;Kamiya et al. 2010
North IP;33°22'N;126°31'E;Ecklonia cava;Laminariales;5.66;0.04;0.76;Kim et al. 2006
South IP;32°19'S;71°28'W;Lessonia spicata;Laminariales;1.95;0.35;18.1;Koch et al. 2015
South IP;30°50'S;71°41'W;Lessonia spicata;Laminariales;0.81;0.35;43.58;Koch et al. 2015
South IP;29°49'S;71°17'W;Lessonia berteroana;Laminariales;2.68;2.82;105.22;Koch et al. 2015
South IP;29°12'S;71°29'W;Lessonia berteroana;Laminariales;4.68;1.3;27.67;Koch et al. 2015
South IP;29°09'S;71°29'W;Lessonia spicata;Laminariales;0.94;0.47;50.21;Koch et al. 2015
South IP;29°04'S;71°29'W;Lessonia spicata;Laminariales;1.09;0.82;75.5;Koch et al. 2015
South IP;28°11'S;71°09'W;Lessonia berteroana;Laminariales;4.21;1.41;33.56;Koch et al. 2015
South IP;27°39'S;70°58'W;Lessonia berteroana;Laminariales;2.47;1.41;57.21;Koch et al. 2015
North Atlantic;60°14'N;21°40'E;Fucus vesiculosus;Fucales;7.99;0.23;2.88;Koivikko et al. 2005
North Atlantic;59°49'N;21°36'E;Fucus vesiculosus;Fucales;6.92;1.49;21.54;Koivikko et al. 2008
North Atlantic;60°21'N;22°32'E;Fucus vesiculosus;Fucales;7.47;1.52;20.4;Koivikko et al. 2008
North Atlantic;61°28'N;21°20'E;Fucus vesiculosus;Fucales;6.01;1.25;20.75;Koivikko et al. 2008
South IP;22°20'S;166°49'E;Sargassum aquifolium;Fucales;0.16;0.01;3.85;Le Lann et al. 2012
South IP;22°20'S;166°49'E;Sargassum aquifolium;Fucales;0.16;0.01;6.1;Le Lann et al. 2012
South IP;22°20'S;166°49'E;Turbinaria conoides;Fucales;1.59;0.17;10.95;Le Lann et al. 2012
South IP;21°59'S;166°42'E;Turbinaria conoides;Fucales;0.95;0.05;4.93;Le Lann et al. 2012
South IP;21°59'S;166°42'E;Turbinaria ornata;Fucales;0.84;0.04;4.3;Le Lann et al. 2012
South IP;18°4'S;179°20'E;Sargassum polycystum;Fucales;0.59;0.11;19.35;Le Lann et al. 2012
South IP;16°35'S;179°11'E;Sargassum polycystum;Fucales;0.09;0;3.33;Le Lann et al. 2012
South IP;16°35'S;179°11'E;Sargassum polycystum;Fucales;0.74;0.21;28.4;Le Lann et al. 2012
South IP;16°35'S;179°11'E;Turbinaria ornata;Fucales;0.95;0.07;7.65;Le Lann et al. 2012
South IP;9°9'S;161°15'E;Sargassum aquifolium;Fucales;0.21;0.01;4.88;Le Lann et al. 2012
South IP;8°59'S;160°10'E;Sargassum aquifolium;Fucales;0.71;0.07;10.45;Le Lann et al. 2012
South IP;9°9'S;161°15'E;Sargassum cristaefolium;Fucales;0.08;0.02;21.25;Le Lann et al. 2012
South IP;8°59'S;160°10'E;Turbinaria conoides;Fucales;0.87;0.2;23.58;Le Lann et al. 2012
South IP;9°9'S;161°15'E;Turbinaria decurrens;Fucales;1.03;0.07;7.21;Le Lann et al. 2012
South IP;9°9'S;161°15'E;Turbinaria ornata;Fucales;0.26;0.01;3.44;Le Lann et al. 2012
South IP;8°24'S;160°48'E;Sargassum aquifolium;Fucales;0.09;0.01;11.11;Le Lann et al. 2012
South IP;8°24'S;160°48'E;Turbinaria conoides;Fucales;1.64;0.09;5.55;Le Lann et al. 2012
South IP;8°24'S;160°48'E;Turbinaria decurrens;Fucales;0.48;0.04;7.44;Le Lann et al. 2012
South IP;31°25'S;71°35'W;Durvillaea antarctica(male);Fucales;0.67;0.13;18.69;Lizée-Prynne et al.  2016
South IP;32°05'S;71°31'W;Durvillaea antarctica (female);Fucales;0.94;0.36;38.21;Lizée-Prynne et al. 2016
South IP;32°05'S;71°31'W;Durvillaea antarctica (male);Fucales;1.03;0.42;40.83;Lizée-Prynne et al. 2016
South IP;32°05'S;71°31'W;Durvillaea antarctica (vegetative);Fucales;0.8;0.23;29;Lizée-Prynne et al. 2016
South IP;31°25'S;71°35'W;Durvillaea antarctica (female);Fucales;0.91;0.41;45.3;Lizée-Prynne et al. 2016
South IP;31°25'S;71°35'W;Durvillaea antarctica (vegetative);Fucales;0.55;0.2;36.56;Lizée-Prynne et al. 2016
North Atlantic;38°12'N;13°17'E;Cystoseira amentacea (autumn);Fucales;0.37;0.05;13.51;Mannino et al. 2015
North Atlantic;38°12'N;13°17'E;Cystoseira amentacea (spring);Fucales;0.76;0.14;18.42;Mannino et al. 2015
North Atlantic;38°12'N;13°17'E;Cystoseira amentacea (summer);Fucales;0.48;0.01;2.08;Mannino et al. 2015
North Atlantic;38°12'N;13°17'E;Cystoseira amentacea (winter);Fucales;0.8;0.07;8.75;Mannino et al. 2015
South IP;33°30'S;71°38'W;Lessonia nigrescens intertidal adults;Laminariales;0.09;n.g.;n.c.;Martínez 1996
South IP;33°30'S;71°38'W;Lessonia nigrescens subtidal adults;Laminariales;0.45;n.g.;n.c.;Martínez 1996
North Atlantic;58°54'N;11°07'E;Ascophyllum nodosum;Fucales;4;n.g.;n.c.;Pavia & Toth 2000
North Atlantic;54°05'N;4°37'W;Ascophyllum nodosum (site 1 1992);Fucales;11.55;n.g.;n.c.;Pavia et al. 1999
North Atlantic;54°05'N;4°37'W;Ascophyllum nodosum (site 1 1993);Fucales;8.22;n.g.;n.c.;Pavia et al. 1999
North Atlantic;54°05'N;4°37'W;Ascophyllum nodosum (site 2 1992);Fucales;8.67;n.g.;n.c.;Pavia et al. 1999
North Atlantic;54°05'N;4°37'W;Ascophyllum nodosum (site 2 1993);Fucales;6.78;n.g.;n.c.;Pavia et al. 1999
North Atlantic;54°05'N;4°37'W;Ascophyllum nodosum (site 3 1992);Fucales;7.56;n.g.;n.c.;Pavia et al. 1999
North Atlantic;54°05'N;4°37'W;Ascophyllum nodosum (site 3 1993);Fucales;6.67;n.g.;n.c.;Pavia et al. 1999
North Atlantic;58°54'N;11°07'E;Ascophyllum nodosum (site 1 1992);Fucales;6.22;n.g.;n.c.;Pavia et al. 1999
North Atlantic;58°54'N;11°07'E;Ascophyllum nodosum (site 1 1993);Fucales;7.33;n.g.;n.c.;Pavia et al. 1999
North Atlantic;58°54'N;11°07'E;Ascophyllum nodosum (site 2 1992);Fucales;7.78;n.g.;n.c.;Pavia et al. 1999
North Atlantic;58°54'N;11°07'E;Ascophyllum nodosum (site 2 1993);Fucales;8.22;n.g.;n.c.;Pavia et al. 1999
North Atlantic;58°54'N;11°07'E;Ascophyllum nodosum (site 3 1992);Fucales;7.11;n.g.;n.c.;Pavia et al. 1999
North Atlantic;58°54'N;11°07'E;Ascophyllum nodosum (site 3 1993);Fucales;8.22;n.g.;n.c.;Pavia et al. 1999
North Atlantic;54°05'N;4°37'W;Ascophyllum nodosum;Fucales;6.46;n.g.;n.c.;Pavia et al. 2003
North Atlantic;58°54'N;11°07'E;Ascophyllum nodosum;Fucales;5.81;n.g.;n.c.;Pavia et al. 2003
North Atlantic;61°N;5°E;Ascophyllum nodosum;Fucales;0.8;n.g.;n.c.;Pedersen 1984
North Atlantic;61°N;5°E;Fucus vesiculosus;Fucales;4.8;n.g.;n.c.;Pedersen 1984
South Atlantic;22°44'S;42°57'W;Sargassum furcatum;Fucales;0.5;n.g.;n.c.;Pereira & Yoneshigue-Valentin 1999
South Atlantic;22°56'S;43°52'W;Sargassum vulgare (axis);Fucales;3.61;0.08;2.22;Plouguerné et al 2012
South Atlantic;22°56'S;43°52'W;Sargassum vulgare (leaflets);Fucales;2.59;0.12;4.63;Plouguerné et al 2012
South Atlantic;22°56'S;43°52'W;Sargassum vulgare (pneumatocystis);Fucales;1.9;0.06;3.16;Plouguerné et al 2012
South Atlantic;22°56'S;43°52'W;Sargassum vulgare (receptacles);Fucales;3.32;0.14;4.22;Plouguerné et al 2012
North Atlantic;47°43'N;3°30'W;Sargassum muticum;Fucales;1.11;0.11;9.91;Plouguerné et al. 2006
North Atlantic;48°21'N;4°33'W;Sargassum muticum;Fucales;1.39;0.1;7.19;Plouguerné et al. 2006
North Atlantic;48°40'N;3°55'W;Sargassum muticum;Fucales;1.85;0.09;4.86;Plouguerné et al. 2006
South Atlantic;27°25'S;48°28’ W;Padina gymnospora;Dictyotales;0.58;0.3;51.8;Present study
South Atlantic;27°25'S;48°28’ W;Sargassum stenophyllum;Fucales;0.45;0.19;42;Present study
South Atlantic;22°44'S;41°57’ W;Canistrocarpus cervicornis;Dictyotales;0.18;0;n.c.;Present study
South Atlantic;22°44'S;41°57’ W;Colpomenia sinuosa;Ectocarpales;0.25;0.02;n.c.;Present study
South Atlantic;22°44'S;41°57’ W;Dictyota mertensii;Dictyotales;0.18;0.03;15.4;Present study
South Atlantic;22°44'S;41°57’ W;Padina gymnospora;Dictyotales;0.22;0.1;n.c.;Present study
South Atlantic;22°44'S;41°57’ W;Sargassum vulgare;Fucales;1.1;0.34;30.9;Present study
South Atlantic;22°44'S;41°57’ W;Stypopodium zonale;Dictyotales;1.72;0.49;28.3;Present study
South Atlantic;20°38'S;40°28’ W;Dictyopteris delicatula;Dictyotales;0.12;0.02;n.c.;Present study
South Atlantic;20°38'S;40°28’ W;Dictyota mertensii;Dictyotales;0.1;0.01;n.c.;Present study
South Atlantic;20°38'S;40°28’ W;Padina gymnospora;Dictyotales;0.87;0.02;n.c.;Present study
South Atlantic;20°38'S;40°28’ W;Sargassum ramifolium;Fucales;0.16;0.06;36.5;Present study
South Atlantic;20°38'S;40°28’ W;Spatoglossum schroederi;Dictyotales;4.3;0.77;18.1;Present study
South Atlantic;16°24'S;39°02’ W;Colpomenia sinuosa;Ectocarpales;0.07;0.01;+;Present study
South Atlantic;16°24'S;39°02’ W;Dictyopteris delicatula;Dictyotales;0.13;0.01;+;Present study
South Atlantic;16°24'S;39°02’ W;Dictyopteris polipodioides;Dictyotales;0.22;0.01;+;Present study
South Atlantic;16°24'S;39°02’ W;Dictyota ciliolata;Dictyotales;0.15;0.02;13.9;Present study
South Atlantic;16°24'S;39°02’ W;Dictyota crispata;Dictyotales;0.14;0.04;25.7;Present study
South Atlantic;16°24'S;39°02’ W;Dictyota dichotoma;Dictyotales;0.11;0.01;+;Present study
South Atlantic;16°24'S;39°02’ W;Lobophora variegata;Dictyotales;0.8;0.53;65.3;Present study
South Atlantic;16°24'S;39°02’ W;Padina gymnospora;Dictyotales;0.13;0.06;42.7;Present study
South Atlantic;16°24'S;39°02’ W;Sargassum vulgare;Fucales;0.1;0.02;18.1;Present study
South Atlantic;14°56'S;39°00’ W;Padina gymnospora;Dictyotales;0.05;0;+;Present study
South Atlantic;14°28'S;39°01’ W;Padina gymnospora;Dictyotales;0.19;0.01;+;Present study
South Atlantic;14°48'S;39°01’ W;Padina gymnospora;Dictyotales;0.26;0.03;+;Present study
South Atlantic;14°28'S;39°01’ W;Sargassum filipendula;Fucales;0.38;0.1;25.6;Present study
South Atlantic;14°56'S;39°00’ W;Sargassum vulgare;Fucales;0.14;0.04;26.3;Present study
South Atlantic;14°28'S;39°01’ W;Sargassum vulgare;Fucales;0.19;0.1;53.9;Present study
South Atlantic;14°48'S;39°01’ W;Sargassum vulgare;Fucales;0.72;0.15;20.7;Present study
South Atlantic;12°57'S;38°22’ W;Dictyopteris delicatula;Dictyotales;0.08;0.01;19.1;Present study
South Atlantic;12°57'S;38°22’ W;Dictyota pfaffii;Dictyotales;0.1;0.02;16.6;Present study
South Atlantic;12°57'S;38°22’ W;Lobophora variegata;Dictyotales;0.12;0;+;Present study
South Atlantic;12°57'S;38°22’ W;Sargassum filipendula;Fucales;0.09;0.01;7.6;Present study
South Atlantic;8°21'S;34°57’ W;Canistrocarpus cervicornis;Dictyotales;0.13;0.01;8.5;Present study
South Atlantic;8°20'S;34°56’ W;Dictyopteris delicatula;Dictyotales;0.22;0.01;7.7;Present study
South Atlantic;8°22'S;34°56’ W;Dictyota mertensii;Dictyotales;0.19;0.01;5.2;Present study
South Atlantic;8°20'S;34°56’ W;Lobophora variegata;Dictyotales;0.9;0.22;24.1;Present study
South Atlantic;8°22'S;34°56’W;Padina gymnospora;Dictyotales;0.07;0.01;13.1;Present study
South Atlantic;8°21'S;34°57’ W;Sargassum vulgare var. nanum;Fucales;0.13;0.08;6.5;Present study
South Atlantic;8°21'S;34°57’ W;Sargassum vulgare var. vulgare;Fucales;0.13;0.02;15;Present study
South Atlantic;6°10'S;35°05’ W;Padina gymnospora;Dictyotales;0.4;0.02;+;Present study
North Atlantic;53°09'N;9°85'W;Ascophyllum nodosum;Fucales;6.66;0.7;10.51;Quéguineur et al. 2013
North Atlantic;53°09'N;9°85'W;Himanthalia elongata;Fucales;2.79;0.55;19.71;Quéguineur et al. 2013
North IP;9°16'N;79°12'E;Dictyota dichotoma;Dictyotales;0.69;n.g.;n.c.;Rao & Untawale 1991
North IP;9°16'N;79°12'E;Dictyota dichotoma juvenile;Dictyotales;0.67;n.g.;n.c.;Rao & Untawale 1991
North IP;9°16'N;79°12'E;Hydroclathrus clathratus;Ectocarpales;0.35;n.g.;n.c.;Rao & Untawale 1991
North IP;9°16'N;79°12'E;Lobophora variegata;Dictyotales;2.06;n.g.;n.c.;Rao & Untawale 1991
North IP;9°16'N;79°12'E;Padina gymnospora;Dictyotales;0.5;n.g.;n.c.;Rao & Untawale 1991
North IP;9°16'N;79°12'E;Padina tetrastromatica;Dictyotales;0.44;n.g.;n.c.;Rao & Untawale 1991
North IP;9°16'N;79°12'E;Sargassum myriocystum;Fucales;1.31;n.g.;n.c.;Rao & Untawale 1991
North IP;9°16'N;79°12'E;Sargassum myriocystum (air bladder);Fucales;1.68;n.g.;n.c.;Rao & Untawale 1991
North IP;17°42'N;83°15'E;Sargassum polycystum;Fucales;0.85;n.g.;n.c.;Rao & Untawale 1991
North IP;9°16'N;79°12'E;Sargassum wightii;Fucales;1.23;n.g.;n.c.;Rao & Untawale 1991
North IP;9°16'N;79°12'E;Sargassum wightii (air bladder);Fucales;1.09;n.g.;n.c.;Rao & Untawale 1991
North IP;9°16'N;79°12'E;Stoechospermum marginatum;Dictyotales;0.77;n.g.;n.c.;Rao & Untawale 1991
North IP;15°29'N;74°02'E;Stoechospermum marginatum;Dictyotales;0.42;n.g.;n.c.;Rao & Untawale 1991
North IP;9°16'N;79°12'E;Turbinaria conoides;Fucales;1.57;n.g.;n.c.;Rao & Untawale 1991
North IP;15°29'N;74°02'E;Dictyota dichotoma;Dictyotales;0.46;n.g.;n.c.;Rao & Untawale 1991
North IP;15°29'N;74°02'E;Padina gymnospora;Dictyotales;0.91;n.g.;n.c.;Rao & Untawale 1991
North IP;15°29'N;74°02'E;Padina tetrastromatica;Dictyotales;1.03;n.g.;n.c.;Rao & Untawale 1991
North IP;15°29'N;74°02'E;Sargassum cinereum;Fucales;0.69;n.g.;n.c.;Rao & Untawale 1991
North IP;15°29'N;74°02'E;Spatoglossum asperum;Dictyotales;0.33;n.g.;n.c.;Rao & Untawale 1991
North IP;15°29'N;74°02'E;Sphacelaria furcigera;Sphaceraliales;0.23;n.g.;n.c.;Rao & Untawale 1991
North IP;15°29'N;74°02'E;Stoechospermum marginatum;Dictyotales;0.42;n.g.;n.c.;Rao & Untawale 1991
North IP;17°42'N;83°15'E;Rosenvingea rathragensis;Ectocarpales;0.37;n.g.;n.c.;Rao & Untawale 1991
North IP;17°42'N;83°15'E;Sargassum vulgare;Fucales;0.67;n.g.;n.c.;Rao & Untawale 1991
North Atlantic;41°41'N;8°51'W;Laminaria ochroleuca;Laminariales;0.02;0;3.33;Rodil et al. 2015a
North Atlantic;41°41'N;8°51'W;Sargassum muticum;Fucales;0.07;0.01;10.61;Rodil et al. 2015a
North Atlantic;42°34'N;9°3'W;Laminaria ochroleuca;Laminariales;0.12;0.04;33.22;Rodil et al. 2015b
North Atlantic;42°34'N;9°3'W;Sargassum muticum;Fucales;0.1;0.03;26.69;Rodil et al. 2015b
North IP;27°28'N;52°47'E;Colpomenia sinuosa;Ectocarpales;0.01;n.g.;n.c.;Sadati et al. 2011
North IP;27°28'N;52°47'E;Cystoseira myrica;Fucales;0.01;n.g.;n.c.;Sadati et al. 2011
North IP;27°28'N;52°47'E;Sargassum swartzii;Fucales;0.01;n.g.;n.c.;Sadati et al. 2011
North IP;51°47'N;178°04'W;Eualaria fistulosa (barren areas);Laminariales;1.47;1.06;71.99;Schuster & Konar 2014
North IP;51°47'N;178°04'W;Eualaria fistulosa (barren areas);Laminariales;1.75;1.48;84.66;Schuster & Konar 2014
North IP;51°47'N;178°04'W;Eualaria fistulosa (barren areas);Laminariales;2;0.82;41.01;Schuster & Konar 2014
North IP;51°47'N;178°04'W;Eualaria fistulosa (barren areas);Laminariales;3.06;0.82;26.8;Schuster & Konar 2014
North IP;51°47'N;178°04'W;Eualaria fistulosa (barren areas);Laminariales;3.34;0.16;4.75;Schuster & Konar 2014
North IP;51°52'N;176°36'W;Eualaria fistulosa (foliose algal assemblages);Laminariales;2.81;0.74;26.36;Schuster & Konar 2014
North IP;51°56'N;177°38'W;Eualaria fistulosa (foliose algal assemblages);Laminariales;3.13;2.49;79.58;Schuster & Konar 2014
North IP;51°47'N;178°04'W;Eualaria fistulosa (foliose algal assemblages);Laminariales;3.44;1.65;48.07;Schuster & Konar 2014
North IP;51°47'N;178°04'W;Eualaria fistulosa (foliose algal assemblages);Laminariales;4.66;0.33;7.1;Schuster & Konar 2014
North IP;51°49'N;177°38'W;Eualaria fistulosa (foliose algal assemblages);Laminariales;4.94;0.82;16.6;Schuster & Konar 2014
North IP;52°42'N;174°05'W;Eualaria fistulosa (barren areas);Laminariales;0.88;0.82;93.74;Schuster & Konar 2014
North IP;52°42'N;174°05'W;Eualaria fistulosa (barren areas);Laminariales;5.13;0.9;17.55;Schuster & Konar 2014
North IP;52°53'N;169°51'W;Eualaria fistulosa (foliose algal assemblages);Laminariales;3.38;2.8;83.1;Schuster & Konar 2014
North IP;52°42'N;174°05'W;Eualaria fistulosa (foliose algal assemblages);Laminariales;4.16;0.74;17.81;Schuster & Konar 2014
North IP;53°38'N;166°25'W;Eualaria fistulosa (barren areas);Laminariales;4.4;0.99;22.55;Schuster & Konar 2014
North IP;53°38'N;166°25'W;Eualaria fistulosa (foliose algal assemblages);Laminariales;4.06;1.24;30.63;Schuster & Konar 2014
North IP;35°08'N;130°36'E;Ecklonia bicyclis;Laminariales;3.1;n.g.;n.c.;Shibata et al. 2004
North IP;35°08'N;130°36'E;Ecklonia cava;Laminariales;3.3;n.g.;n.c.;Shibata et al. 2004
North IP;35°08'N;130°36'E;Eisenia kurome;Laminariales;3;n.g.;n.c.;Shibata et al. 2004
South IP;22°21'S;114°10'E;Cystoseira trinoids;Fucales;0.38;n.g.;n.c.;Steinberg & Paul 1990
South IP;22°21'S;114°10'E;Dictyopteris australis;Dictyotales;1.92;n.g.;n.c.;Steinberg & Paul 1990
South IP;22°21'S;114°10'E;Dictyota spiralis;Dictyotales;0.31;n.g.;n.c.;Steinberg & Paul 1990
South IP;22°21'S;114°10'E;Lobophora variegata;Dictyotales;1.46;n.g.;n.c.;Steinberg & Paul 1990
South IP;22°21'S;114°10'E;Padina spp.;Dictyotales;1.13;n.g.;n.c.;Steinberg & Paul 1990
South IP;22°21'S;114°10'E;Sargassum spp. 2;Fucales;0.83;n.g.;n.c.;Steinberg & Paul 1990
South IP;22°21'S;114°10'E;Sargassum spp. 3;Fucales;0.67;n.g.;n.c.;Steinberg & Paul 1990
South IP;22°21'S;114°10'E;Sargassum spp.1;Fucales;0.46;n.g.;n.c.;Steinberg & Paul 1990
South IP;34°S;140°;Cystophora moniliformis;Fucales;7.13;1.03;14.43;Steinberg & Van Altena 1992
South IP;34°S;140°;Ecklonia radiata;Laminariales;7.46;0.65;8.69;Steinberg & Van Altena 1992
South IP;34°S;140°;Homoeostrichus sinclairii;Dictyotales;3.11;0.27;8.63;Steinberg & Van Altena 1992
South IP;34°S;140°;Phyllospora comosa;Fucales;2.16;0.51;23.81;Steinberg & Van Altena 1992
South IP;34°S;140°;Sargassum globulariaefolium;Fucales;7.19;0.54;7.46;Steinberg & Van Altena 1992
South IP;34°S;140°;Sargassum linearifolium;Fucales;2.63;0.31;11.9;Steinberg & Van Altena 1992
South IP;34°S;140°;Sargassum sp.1;Fucales;2.85;0.34;11.77;Steinberg & Van Altena 1992
South IP;34°S;140°;Sargassum vestitum;Fucales;6.63;0.63;9.44;Steinberg & Van Altena 1992
South IP;34°S;140°;Zonaria diesigiana;Dictyotales;6.67;0.58;8.72;Steinberg & Van Altena 1992
North IP;33°15'N;151°E;Dictyota flabellata;Dictyotales;4.04;0.2;4.85;Steinberg 1985
North IP;36°N;121°W;Analipus japonicus;Ralfsiales;4.24;0.82;19.39;Steinberg 1985
North IP;36°N;121°W;Coilodesme californica;Ectocarpales;0.43;0.4;92.09;Steinberg 1985
North IP;36°N;121°W;Cystoseira osmundaceae;Fucales;4.42;0.86;19.51;Steinberg 1985
North IP;36°N;121°W;Dictyoneurum pyrifera;Laminariales;5.41;2.02;37.41;Steinberg 1985
North IP;36°N;121°W;Egregia menziesii;Laminariales;0.96;0.31;32.61;Steinberg 1985
North IP;36°N;121°W;Fucus distichus;Fucales;4.35;1.12;25.75;Steinberg 1985
North IP;36°N;121°W;Laminaria dentigera;Laminariales;0.49;0.22;45.18;Steinberg 1985
North IP;36°N;121°W;Macrocystis pyrifera;Laminariales;1.07;0.51;47.29;Steinberg 1985
North IP;36°N;121°W;Nereocystis luetkeana;Laminariales;0.44;0.28;64.68;Steinberg 1985
North IP;36°N;121°W;Pelvetia fastigiata;Fucales;4.33;0.98;22.64;Steinberg 1985
North IP;36°N;121°W;Pelvetiopsis limitata;Fucales;4.93;1.03;20.93;Steinberg 1985
North IP;36°N;121°W;Postelsia palmaeformis;Laminariales;1.65;0.25;15.43;Steinberg 1985
South IP;38°S;140°E;Sargassum muticum;Fucales;3.77;0.91;24.04;Steinberg 1986
South IP;38°S;140°E;Sargassum sinclairii;Fucales;11.58;1.05;9.04;Steinberg 1986
South IP;35°S;140°E;Sargassum bracteolosum;Fucales;11.05;0.69;6.21;Steinberg 1986
South IP;35°S;140°E;Sargassum decipiens;Fucales;4.97;1.36;27.44;Steinberg 1986
South IP;35°S;140°E;Sargassum sp. 1;Fucales;7.11;0.98;13.77;Steinberg 1986
South IP;32°S;140°E;Sargassum globulariaefolium (summer);Fucales;6.52;1.98;30.29;Steinberg 1986
South IP;32°S;140°E;Sargassum globulariaefolium (winter fresh);Fucales;8.82;1.45;21.19;Steinberg 1986
South IP;32°S;140°E;Sargassum globulariaefolium (winter frozen);Fucales;6.07;1.69;27.84;Steinberg 1986
South IP;32°S;140°E;Sargassum linearifolium;Fucales;4.07;1.68;41.37;Steinberg 1986
South IP;32°S;140°E;Sargassum sp. 2;Fucales;3.18;0.66;20.75;Steinberg 1986
South IP;32°S;140°E;Sargassum sp. 6 (fresh);Fucales;7.85;1.76;22.47;Steinberg 1986
South IP;32°S;140°E;Sargassum sp. 6 (frozen);Fucales;8.18;1.92;23.51;Steinberg 1986
South IP;23°S;149°W;Sargassum sp. B;Fucales;0.26;0.07;28.26;Steinberg 1986
South IP;23°S;149°W;Turbinaria ornata;Fucales;0.97;0.44;45.64;Steinberg 1986
South IP;18°S;149°W;Sargassum sp. A;Fucales;0.35;0.12;34.29;Steinberg 1986
South IP;18°S;149°W;Turbinaria ornata;Fucales;0.93;0.22;24.04;Steinberg 1986
South IP;17°S;149°W;Sargassum spp.;Fucales;1.59;0.85;53.38;Steinberg 1986
South IP;17°S;149°W;Turbinaria ornata;Fucales;0.77;0.24;31.49;Steinberg 1986
North IP;38°N;140°E;Sargassum muticum;Fucales;3.77;0.91;24.04;Steinberg 1986
South IP;36°16'S;174°E;Carpophyllum angustifolium;Fucales;10.14;0.69;2.41;Steinberg 1989 (summer data)
South IP;36°16'S;174°E;Carpophyllum flexuosum;Fucales;9.34;0.64;6.85;Steinberg 1989 (winter data)
South IP;36°16'S;174°E;Carpophyllum maschalocarpum;Fucales;10.37;0.58;1.98;Steinberg 1989 (summer data)
South IP;36°16'S;174°E;Carpophyllum plumosum;Fucales;9.8;0.31;1.12;Steinberg 1989 (summer data)
South IP;36°16'S;174°E;Cystophora torulosa;Fucales;4.93;0.23;1.76;Steinberg 1989 (summer data)
South IP;36°16'S;174°E;Ecklonia radiata;Laminariales;9.28;0.44;1.09;Steinberg 1989 (summer data)
South IP;36°16'S;174°E;Hormosira banksii;Fucales;3.75;0.17;2.03;Steinberg 1989 (summer data)
South IP;36°16'S;174°E;Landsburgia quercifolia;Fucales;4.29;0.44;3.63;Steinberg 1989 (summer data)
South IP;36°16'S;174°E;Lessonia variegata;Laminariales;1.3;0.27;8.48;Steinberg 1989 (summer data)
South IP;36°16'S;174°E;Sargassum sinclairii;Fucales;11.58;0.37;1.13;Steinberg 1989 (summer data)
South IP;36°16'S;174°E;Xiphophora chondrophylla;Fucales;3.18;0.17;1.89;Steinberg 1989 (summer data)
South IP;35°S;138°E;Caulocystis cephalornithos;Fucales;4.42;0.39;3.33;Steinberg 1989 (summer data)
South IP;35°S;138°E;Cystophora brownii;Fucales;13.02;0.56;2.15;Steinberg 1989 (summer data)
South IP;35°S;138°E;Cystophora expansa;Fucales;8.87;1.17;5.39;Steinberg 1989 (summer data)
South IP;35°S;138°E;Cystophora monilifera;Fucales;7.63;0.75;3.28;Steinberg 1989 (summer data)
South IP;35°S;138°E;Cystophora moniliformis;Fucales;12.16;1.01;3.39;Steinberg 1989 (summer data)
South IP;35°S;138°E;Cystophora platylobium;Fucales;4.46;1.43;18.51;Steinberg 1989 (summer data)
South IP;35°S;138°E;Cystophora polycistidea;Fucales;6.66;0.77;3.85;Steinberg 1989 (summer data)
South IP;35°S;138°E;Cystophora siliquosa;Fucales;13.1;0.64;1.85;Steinberg 1989 (summer data)
South IP;35°S;138°E;Cystophora subfarcinata;Fucales;12.16;0.62;1.47;Steinberg 1989 (summer data)
South IP;35°S;138°E;Ecklonia radiata;Laminariales;7.46;0.86;3.08;Steinberg 1989 (summer data)
South IP;35°S;138°E;Sargassum bracteolosum;Fucales;11.46;0.99;3.05;Steinberg 1989 (summer data)
South IP;35°S;138°E;Sargassum decipiens;Fucales;5.18;0.2;1.58;Steinberg 1989 (summer data)
South IP;35°S;138°E;Sargassum sp. 2;Fucales;4.24;0.55;5.3;Steinberg 1989 (summer data)
South IP;35°S;138°E;Sargassum sp. 3 (linearifolium?);Fucales;6.92;0.38;2.24;Steinberg 1989 (summer data)
South IP;35°S;138°E;Sargassum sp. 4;Fucales;4.46;0.49;6.34;Steinberg 1989 (summer data)
South IP;35°S;138°E;Scaberia agardhii;Fucales;7.25;0.87;4.9;Steinberg 1989 (summer data)
South IP;35°S;138°E;Scytothalia dorycarpa;Fucales;6.01;0.71;4.82;Steinberg 1989 (summer data)
South IP;35°S;138°E;Seirococcus axillaris;Fucales;4.64;0.54;5.2;Steinberg 1989 (summer data)
South IP;33°S;151°E;Acrocarpia paniculata;Fucales;5.16;0.91;6.67;Steinberg 1989 (summer data)
South IP;33°S;151°E;Cystophora moniliformis;Fucales;9.21;0.6;1.96;Steinberg 1989 (summer data)
South IP;33°S;151°E;Ecklonia radiata;Laminariales;5.48;0.56;2.34;Steinberg 1989 (summer data)
South IP;33°S;151°E;Hormosira banksii;Fucales;3.47;0.49;5.34;Steinberg 1989 (summer data)
South IP;33°S;151°E;Phyllospora comosa;Fucales;2.67;0.48;4.12;Steinberg 1989 (summer data)
South IP;33°S;151°E;Sargassum linearifolium;Fucales;4.02;0.28;1.8;Steinberg 1989 (summer data)
South IP;33°S;151°E;Sargassum sp. 1;Fucales;3;0.37;4.66;Steinberg 1989 (summer data)
South IP;33°S;151°E;Sargassum sp. 5;Fucales;3.18;0.33;5.19;Steinberg 1989 (summer data)
South IP;33°S;151°E;Sargassum vestitum;Fucales;6.71;0.42;1.52;Steinberg 1989 (summer data)
South IP;38°09'S;144°52'E;Durvillae potatorum;Fucales;0.63;0.27;42.59;Steinberg 1989 (winter data)
South IP;38°09'S;144°52'E;Macrocystis angustifolia;Laminariales;0.62;0.2;31.61;Steinberg 1989 (winter data)
South IP;36°16'S;174°E;Carpophyllum angustifolium;Fucales;13.66;2.43;17.82;Steinberg 1989 (winter data)
South IP;36°16'S;174°E;Carpophyllum maschalocarpum;Fucales;11.33;1.52;13.42;Steinberg 1989 (winter data)
South IP;36°16'S;174°E;Carpophyllum plumosum;Fucales;7.68;2.06;26.88;Steinberg 1989 (winter data)
South IP;36°16'S;174°E;Cystophora torulosa;Fucales;5.26;1.15;21.89;Steinberg 1989 (winter data)
South IP;36°16'S;174°E;Ecklonia radiata;Laminariales;11.19;2.84;25.38;Steinberg 1989 (winter data)
South IP;36°16'S;174°E;Landsburgia quercifolia;Fucales;5.01;1.15;22.98;Steinberg 1989 (winter data)
South IP;36°16'S;174°E;Sargassum sinclairii;Fucales;10.18;2.18;21.41;Steinberg 1989 (winter data)
South IP;36°16'S;174°E;Xiphophora chondrophylla;Fucales;2.18;0.64;29.21;Steinberg 1989 (winter data)
South IP;33°S;151°E;Ecklonia radiata;Laminariales;5.63;2.01;35.75;Steinberg 1989 (winter data)
South IP;33°S;151°E;Sargassum globulariaefolium;Fucales;7.85;1.64;20.91;Steinberg 1989 (winter data)
South IP;33°S;151°E;Sargassum linearifolium;Fucales;1;0.32;31.75;Steinberg 1989 (winter data)
South IP;33°S;151°E;Sargassum vestitum;Fucales;6.97;1.42;20.38;Steinberg 1989 (winter data)
South IP;33°59'S;150°39'E;Homoeostrichus sinclairii;Dictyotales;3.76;0.58;15.46;Steinberg et al. 1991
South IP;33°59'S;150°39'E;Sargassum globulariaefolium;Fucales;6.83;0.63;9.17;Steinberg et al. 1991
South IP;33°59'S;150°39'E;Sargassum linearifolium;Fucales;1.99;0.42;21.35;Steinberg et al. 1991
South IP;33°59'S;150°39'E;Sargassum sp. E;Fucales;7.61;1.72;22.63;Steinberg et al. 1991
South IP;33°59'S;150°39'E;Sargassum vestitum;Fucales;5.7;0.63;10.98;Steinberg et al. 1991
South IP;10°15'S;146°48'E;Hormophysa triquetra;Fucales;2.32;0.25;10.6;Steinberg et al. 1991
South IP;10°15'S;146°48'E;Padina spp.;Dictyotales;2.49;0.54;22.36;Steinberg et al. 1991
South IP;10°15'S;146°48'E;Sargassum decurrens;Fucales;2.75;0.98;35.78;Steinberg et al. 1991
South IP;10°15'S;146°48'E;Sargassum linearifolium;Fucales;2.06;0.49;23.88;Steinberg et al. 1991
South IP;10°15'S;146°48'E;Sargassum oligocystum;Fucales;2.51;0.38;15.14;Steinberg et al. 1991
South IP;10°15'S;146°48'E;Sargassum polycystum;Fucales;1.82;0.4;22.11;Steinberg et al. 1991
South IP;10°15'S;146°48'E;Sargassum sp. A;Fucales;2.05;0.6;29.45;Steinberg et al. 1991
South IP;10°15'S;146°48'E;Sargassum sp. B;Fucales;2.14;0.54;25.08;Steinberg et al. 1991
South IP;10°15'S;146°48'E;Sargassum sp. D;Fucales;2.53;0.45;17.68;Steinberg et al. 1991
South IP;17°41'S;149°35'W;Sargassum mangarevense;Fucales;0.5;0.03;5.4;Stiger et al. 2004
South IP;17°41'S;149°35'W;Sargassum mangarevense;Fucales;0.96;0.01;0.63;Stiger et al. 2004
South IP;17°38'S;149°36'W;Sargassum mangarevense (inner barrier reef);Fucales;0.69;0.01;1.31;Stiger et al. 2004
South IP;17°38'S;149°36'W;Sargassum mangarevense (outer barrier reef);Fucales;0.38;0.03;6.77;Stiger et al. 2004
South IP;17°41'S;149°35'W;Turbinaria ornata;Fucales;1.41;0.03;1.77;Stiger et al. 2004
South IP;17°44'S;149°50'W;Turbinaria ornata;Fucales;1.58;0.02;0.95;Stiger et al. 2004
South IP;17°41'S;149°35'W;Turbinaria ornata (fringing reef);Fucales;1.29;0.01;0.93;Stiger et al. 2004
South IP;17°38'S;149°36'W;Turbinaria ornata (inner barrier reef);Fucales;1.12;0.01;1.07;Stiger et al. 2004
South IP;17°38'S;149°36'W;Turbinaria ornata (outer barrier reef);Fucales;1.12;0;0.36;Stiger et al. 2004
North Atlantic;60°35'N;8°51'W;Sargassum muticum;Fucales;7.75;n.g.;n.c.;Tanniou et al. 2013
North Atlantic;60°35'N;8°51'W;Sargassum muticum;Fucales;14.5;n.g.;n.c.;Tanniou et al. 2013
North Atlantic;60°35'N;8°51'W;Sargassum muticum;Fucales;17.13;n.g.;n.c.;Tanniou et al. 2013
North Atlantic;37°49'N;8°46'W;Sargassum muticum;Fucales;14.5;n.g.;n.c.;Tanniou et al. 2013
North Atlantic;37°38'N;8°46'W;Sargassum muticum;Fucales;17.63;n.g.;n.c.;Tanniou et al. 2013
North Atlantic;37°31'N;8°46'W;Sargassum muticum;Fucales;15.88;n.g.;n.c.;Tanniou et al. 2013
North Atlantic;48°21'N;4°34'W;Sargassum muticum;Fucales;10.88;n.g.;n.c.;Tanniou et al. 2014
North Atlantic;48°20'N;4°34'W;Sargassum muticum;Fucales;10.88;n.g.;n.c.;Tanniou et al. 2015
North Atlantic;48°21'N;4°34'W;Sargassum muticum;Fucales;10.88;n.g.;n.c.;Tanniou et al. 2013
North Atlantic;42°13'N;4°50'E;Sargassum muticum;Fucales;7.25;n.g.;n.c.;Tanniou et al. 2013
North Atlantic;42°11'N;4°50'E;Sargassum muticum;Fucales;8.25;n.g.;n.c.;Tanniou et al. 2013
North Atlantic;42°20'N;4°50'E;Sargassum muticum;Fucales;5.63;n.g.;n.c.;Tanniou et al. 2013
North Atlantic;53°28'N;10°1'W;Sargassum muticum;Fucales;9.25;n.g.;n.c.;Tanniou et al. 2013
North Atlantic;52°51'N;9°26'W;Sargassum muticum;Fucales;7.75;n.g.;n.c.;Tanniou et al. 2013
North Atlantic;52°50'N;9°24'W;Sargassum muticum;Fucales;8;n.g.;n.c.;Tanniou et al. 2013
North Atlantic;17°N;88°W;Dictyota divaricata;Dictyotales;1.34;0.36;26.86;Targett et al. 1992
North Atlantic;17°N;88°W;Lobophora variegata (decumbent);Dictyotales;13.39;3.5;26.14;Targett et al. 1992
North Atlantic;17°N;88°W;Lobophora variegata (incrusting);Dictyotales;8.33;0.94;11.28;Targett et al. 1992
North Atlantic;17°N;88°W;Lobophora variegata (ruffled);Dictyotales;10.23;0.67;6.55;Targett et al. 1992
North Atlantic;17°N;88°W;Padina jamaicensis;Dictyotales;1.79;0.36;20.11;Targett et al. 1992
North Atlantic;17°N;88°W;Sargassum hystrix;Fucales;4.6;1.75;38.04;Targett et al. 1992
North Atlantic;17°N;88°W;Sargassum polyceratium;Fucales;3.37;0.45;13.35;Targett et al. 1992
North Atlantic;17°N;88°W;Stypopodium zonale;Dictyotales;14.92;2.93;19.64;Targett et al. 1992
North Atlantic;17°N;88°W;Turbinaria tricostata;Fucales;3.99;1.24;31.08;Targett et al. 1992
North Atlantic;17°N;88°W;Turbinaria turbinata;Fucales;4.59;0.78;16.99;Targett et al. 1992
North IP;21°N;157°W;Lobophora variegata (incrusting);Dictyotales;0.81;0.22;27.16;Targett et al. 1992
North Atlantic;38°N;75°W;Fucus vesiculosus;Fucales;1.3;0.17;13.08;Targett et al. 1992
North IP;38°N;119°W;Macrocystis pyrifera;Laminariales;1.22;0.23;18.85;Targett et al. 1992
North Atlantic;45°N;69°W;Ascophyllum nodosum;Fucales;3.03;0.54;17.82;Targett et al. 1992
North IP;47°N;120°W;Fucus distichus;Fucales;4.12;0.38;9.22;Targett et al. 1992
North Atlantic;47°N;69°W;Fucus vesiculosus;Fucales;4.71;1.6;33.97;Targett et al. 1992
North IP;47°N;120°W;Nereocystis luetkeana;Laminariales;0.52;0.01;1.92;Targett et al. 1992
North Atlantic;16°48'N;88°6'W;Lobophora variegata;Dictyotales;11.21;3.84;34.26;Targett et al. 1995
North Atlantic;16°48'N;88°6'W;Sargassum fluitans;Fucales;0.74;0.13;17.57;Targett et al. 1995
North Atlantic;16°48'N;88°6'W;Stypopodium zonale;Dictyotales;3.25;1.46;44.92;Targett et al. 1995
North Atlantic;17°18'N;87°32'W;Lobophora variegata;Dictyotales;10.82;1.03;9.52;Targett et al. 1995
North Atlantic;17°13'N;87°54'W;Lobophora variegata;Dictyotales;14.66;0.9;6.14;Targett et al. 1995
North Atlantic;20°26'N;86°54'W;Lobophora variegata;Dictyotales;11.09;3.96;35.71;Targett et al. 1995
North IP;21°N;157°W;Dictyota divaricata;Dictyotales;1.07;0.23;21.5;Targett et al. 1995
North Atlantic;21°47'N;72°18'W;Lobophora variegata;Dictyotales;6.95;1.9;27.34;Targett et al. 1995
North IP;21°N;157°W;Padina japonica;Dictyotales;3.79;0.52;13.72;Targett et al. 1995
North IP;21°N;157°W;Sargassum echinocarpum (non reproductive);Fucales;2.03;0.6;29.56;Targett et al. 1995
North IP;21°N;157°W;Sargassum echinocarpum (reproductive);Fucales;1.38;0.25;18.12;Targett et al. 1995
North Atlantic;21°47'N;72°18'W;Sargassum hystrix var. buxifolium;Fucales;2.94;n.g.;n.c.;Targett et al. 1995
North Atlantic;21°47'N;72°18'W;Sargassum platycarpum;Fucales;0.98;n.g.;n.c.;Targett et al. 1995
North IP;21°N;157°W;Turbinaria ornata;Fucales;1.56;0.36;23.08;Targett et al. 1995
North Atlantic;22°21'N;73°58'W;Lobophora variegata;Dictyotales;25.45;4.42;17.37;Targett et al. 1995
North Atlantic;22°21'N;73°58'W;Lobophora variegata (ruffled);Dictyotales;10.32;0.77;7.46;Targett et al. 1995
North Atlantic;24°43'N;76°49'W;Lobophora variegata;Dictyotales;11.87;2.32;19.55;Targett et al. 1995
North Atlantic;32°19'N;64°43'W;Colpomenia sinuosa;Ectocarpales;1.74;0.3;17.24;Targett et al. 1995
North Atlantic;32°20'N;64°44'W;Dictyopteris justii;Dictyotales;5.62;0.81;14.41;Targett et al. 1995
North Atlantic;32°20'N;64°44'W;Dictyota dichotoma;Dictyotales;0.88;0.69;78.41;Targett et al. 1995
North Atlantic;32°20'N;64°44'W;Dictyota spp.;Dictyotales;0.52;0.37;71.15;Targett et al. 1995
North Atlantic;32°19'N;64°43'W;Lobophora variegata;Dictyotales;6.31;0.95;15.06;Targett et al. 1995
North Atlantic;32°20'N;64°44'W;Lobophora variegata;Dictyotales;7.51;1.72;22.9;Targett et al. 1995
North Atlantic;32°27'N;64°49'W;Lobophora variegata;Dictyotales;8.68;0.14;1.61;Targett et al. 1995
North Atlantic;32°20'N;64°44'W;Lobophora variegata;Dictyotales;19.38;3.31;17.08;Targett et al. 1995
North Atlantic;32°19N;64°43'W;Padina gymnospora;Dictyotales;4.74;n.g.;n.c.;Targett et al. 1995
North Atlantic;32°23'N;64°40'W;Sargassum fluitans;Fucales;0.77;0.13;16.88;Targett et al. 1995
North Atlantic;32°27'N;64°49'W;Stypopodium zonale;Dictyotales;1.81;0.69;38.12;Targett et al. 1995
North Atlantic;32°20'N;64°44'W;Stypopodium zonale;Dictyotales;15.85;0.14;0.88;Targett et al. 1995
North Atlantic;35°N;76°W;Lobophora variegata;Dictyotales;4.27;0.21;4.92;Targett et al. 1995
North Atlantic;53°09'N;9°33'W;Ascophyllum nodosum;Fucales;12.74;0.75;5.89;Tierney et al. 2013a
North Atlantic;53°09'N;9°33'W;Fucus spiralis;Fucales;18.75;0.97;5.17;Tierney et al. 2013a
North Atlantic;53°09'N;9°33'W;Pelvetia canaliculata;Fucales;6.82;0.34;4.99;Tierney et al. 2013a
North Atlantic;53°08'N;9°33'W;Ascophyllum nodosum;Fucales;14.6;0.32;2.19;Tierney et al. 2013b
North Atlantic;53°08'N;9°33'W;Fucus spiralis;Fucales;12.86;0.06;0.47;Tierney et al. 2013b
North Atlantic;53°08'N;9°33'W;Pelvetia canaliculata;Fucales;13.33;0;0;Tierney et al. 2013b
North Atlantic;58°N;11°09'E;Ascophyllum nodosum;Fucales;3.5;n.g.;n.c.;Toth & Pavia 2000
North Atlantic;58°54'N;11°07'E;Laminaria hyperborea;Laminariales;2.96;1.14;38.51;Toth & Pavia 2002
North Atlantic;58°54'N;11°07'E;Ascophyllum nodosum;Fucales;5.59;0.6;10.75;Toth et al. 2007
North Atlantic;60°14'N;21°59'E;Fucus vesiculosus (fertile - 1 year old);Fucales;4.9;0.5;10.2;Tuomi et al. 1989
North Atlantic;60°14'N;21°59'E;Fucus vesiculosus (fertile - 1 year old);Fucales;5;0.7;14;Tuomi et al. 1989
North Atlantic;60°14'N;21°59'E;Fucus vesiculosus (fertile - 1 year old);Fucales;5.2;0.8;15.38;Tuomi et al. 1989
North Atlantic;60°14'N;21°59'E;Fucus vesiculosus (fertile - receptacle);Fucales;1.3;0.7;53.85;Tuomi et al. 1989
North Atlantic;60°14'N;21°59'E;Fucus vesiculosus (fertile - receptacle);Fucales;1.6;0.5;31.25;Tuomi et al. 1989
North Atlantic;60°14'N;21°59'E;Fucus vesiculosus (fertile - receptacle);Fucales;1.9;0.6;31.58;Tuomi et al. 1989
North Atlantic;60°14'N;21°59'E;Fucus vesiculosus (vegetative - 1 year old);Fucales;4.7;0.5;10.64;Tuomi et al. 1989
North Atlantic;60°14'N;21°59'E;Fucus vesiculosus (vegetative - 1 year old);Fucales;5.3;0.1;1.89;Tuomi et al. 1989
North Atlantic;60°14'N;21°59'E;Fucus vesiculosus (vegetative - 1 year old);Fucales;6.1;0.9;14.75;Tuomi et al. 1989
North Atlantic;60°14'N;21°59'E;Fucus vesiculosus (vegetative - apical);Fucales;3.1;0.3;9.68;Tuomi et al. 1989
North Atlantic;60°14'N;21°59'E;Fucus vesiculosus (vegetative - apical);Fucales;4.8;1.2;25;Tuomi et al. 1989
North Atlantic;60°14'N;21°59'E;Fucus vesiculosus (vegetative - apical);Fucales;6.2;0.9;14.52;Tuomi et al. 1989
North IP;13°15'N;144°40'E;Dictyota bartayresii;Dictyotales;0.19;0.03;15.79;Van Alstyne & Paul 1990
North IP;13°25'N;144°47'E;Dictyota cervicornis;Dictyotales;0.53;0.21;39.62;Van Alstyne & Paul 1990
North IP;13°15'N;144°40'E;Hydroclathrus clathratus;Ectocarpales;0.5;0.16;32;Van Alstyne & Paul 1990
North IP;13°24'N;144°39'E;Padina tenuis;Dictyotales;0.74;0.35;47.3;Van Alstyne & Paul 1990
North IP;13°25'N;144°47'E;Sargassum cristaefolium;Fucales;1.24;0.14;11.29;Van Alstyne & Paul 1990
North IP;13°24'N;144°39'E;Sargassum polycystum;Fucales;0.84;0.23;27.38;Van Alstyne & Paul 1990
North IP;13°24'N;144°39'E;Turbinaria ornata;Fucales;1.44;0.24;16.67;Van Alstyne & Paul 1990
North IP;13°25'N;144°47'E;Turbinaria ornata;Fucales;1.62;0.22;13.58;Van Alstyne & Paul 1990
North IP;48°23'N;123°00'W;Alaria marginata;Laminariales;1.35;0.19;14.07;Van Alstyne & Paul 1990
North IP;48°23'N;123°00'W;Costaria costata;Laminariales;0.71;0.19;26.76;Van Alstyne & Paul 1990
North IP;48°23'N;123°00'W;Egregia menziesii;Laminariales;0.25;0.03;0.12;Van Alstyne & Paul 1990
North IP;48°23'N;123°00'W;Fucus distichus;Fucales;5.36;1.48;27.61;Van Alstyne & Paul 1990
North IP;48°23'N;123°00'W;Hedophyllum sessile;Laminariales;1.96;0.55;28.06;Van Alstyne & Paul 1990
North IP;48°23'N;123°00'W;Laminaria dentigera;Laminariales;0.72;0.5;69.44;Van Alstyne & Paul 1990
North IP;48°23'N;123°00'W;Nereocystis luetkeana;Laminariales;0.59;0.07;11.86;Van Alstyne & Paul 1990
North IP;48°23'N;123°00'W;Pelvetiopsis limitata;Fucales;11.12;1.93;17.36;Van Alstyne & Paul 1990
North IP;48°23'N;123°00'W;Postelsia palmaeformis;Laminariales;0.49;0.49;30.61;Van Alstyne & Paul 1990
North IP;48°23'N;123°00'W;Fucus distichus;Fucales;9.64;2.09;21.7;Van Alstyne 1988
North IP;33°23'N;118°21'W;Cystoseira neglecta;Fucales;1.37;0.78;56.93;Van Alstyne et al. 1999a
North IP;33°23'N;118°21'W;Egregia menziesii;Laminariales;2.16;0.6;27.78;Van Alstyne et al. 1999a
North IP;33°23'N;118°21'W;Eisenia arborea;Laminariales;5.02;0.73;14.54;Van Alstyne et al. 1999a
North IP;33°23'N;118°21'W;Halidrys dioica;Fucales;4.14;3.2;77.29;Van Alstyne et al. 1999a
North IP;33°23'N;118°21'W;Hesperophycus harveyanus;Fucales;1.09;0.29;26.61;Van Alstyne et al. 1999a
North IP;33°23'N;118°21'W;Macrocystis pyrifera;Laminariales;1.04;0.37;35.58;Van Alstyne et al. 1999a
North IP;33°23'N;118°21'W;Sargassum palmeri;Fucales;1.31;0.44;33.59;Van Alstyne et al. 1999a
North IP;35°39'N;121°13'W;Egregia menziesii;Laminariales;0.4;0.12;30;Van Alstyne et al. 1999a
North IP;35°39'N;121°13'W;Laminaria dentigera;Laminariales;0.37;0.08;21.62;Van Alstyne et al. 1999a
North IP;35°39'N;121°13'W;Laminaria sinclairii;Laminariales;0.37;0.05;13.51;Van Alstyne et al. 1999a
North IP;35°39'N;121°13'W;Pelvetia fastigiata;Fucales;5.98;0.99;16.56;Van Alstyne et al. 1999a
North IP;36°38'N;121°56'W;Cystoseira osmundacea;Fucales;1.6;0.63;39.38;Van Alstyne et al. 1999a
North IP;36°38'N;121°56'W;Egregia menziesii;Laminariales;0.58;0.23;39.66;Van Alstyne et al. 1999a
North IP;36°38'N;121°56'W;Laminaria farlowii;Laminariales;4.6;0.46;10;Van Alstyne et al. 1999a
North IP;36°38'N;121°56'W;Macrocystis pyrifera;Laminariales;1.31;0.26;19.85;Van Alstyne et al. 1999a
North IP;37°12'N;122°24'W;Alaria nana;Laminariales;3.43;1.55;45.19;Van Alstyne et al. 1999a
North IP;37°12'N;122°24'W;Egregia menziesii;Laminariales;0.68;0.11;16.18;Van Alstyne et al. 1999a
North IP;37°12'N;122°24'W;Fucus gardneri;Fucales;2.87;1.35;47.04;Van Alstyne et al. 1999a
North IP;37°12'N;122°24'W;Laminaria dentigera;Laminariales;0.3;0.05;16.67;Van Alstyne et al. 1999a
North IP;37°12'N;122°24'W;Laminaria farlowii;Laminariales;4.78;0.24;5.02;Van Alstyne et al. 1999a
North IP;37°12'N;122°24'W;Laminaria sinclairii;Laminariales;0.36;0.09;25;Van Alstyne et al. 1999a
North IP;37°12'N;122°24'W;Pelvetia fastigiata;Fucales;5.24;0.76;14.5;Van Alstyne et al. 1999a
North IP;37°12'N;122°24'W;Pelvetiopsis limitata;Fucales;2.69;0.77;28.62;Van Alstyne et al. 1999a
North IP;37°12'N;122°24'W;Postelsia palmaeformis;Laminariales;1.37;0.22;16.06;Van Alstyne et al. 1999a
North IP;41°08'N;124°10'W;Alaria marginata;Laminariales;0.93;0.57;61.29;Van Alstyne et al. 1999a
North IP;41°08'N;124°10'W;Egregia menziesii;Laminariales;0.48;0.26;54.17;Van Alstyne et al. 1999a
North IP;41°08'N;124°10'W;Laminaria dentigera;Laminariales;0.42;0.09;21.43;Van Alstyne et al. 1999a
North IP;41°08'N;124°10'W;Laminaria sinclairii;Laminariales;0.5;0.2;40;Van Alstyne et al. 1999a
North IP;41°08'N;124°10'W;Lessoniopsis littoralis;Laminariales;0.37;0.12;32.43;Van Alstyne et al. 1999a
North IP;41°08'N;124°10'W;Pelvetiopsis limitata;Fucales;4.5;0.54;12;Van Alstyne et al. 1999a
North IP;44°50'N;124°04'W;Alaria marginata;Laminariales;2.88;0.67;23.26;Van Alstyne et al. 1999a
North IP;44°50'N;124°04'W;Costaria costata;Laminariales;0.34;0.02;5.88;Van Alstyne et al. 1999a
North IP;44°50'N;124°04'W;Egregia menziesii;Laminariales;1.62;1.16;71.6;Van Alstyne et al. 1999a
North IP;44°50'N;124°04'W;Fucus gardneri;Fucales;5.21;0.77;14.78;Van Alstyne et al. 1999a
North IP;44°50'N;124°04'W;Fucus spiralis;Fucales;4.3;0.57;13.26;Van Alstyne et al. 1999a
North IP;44°50'N;124°04'W;Hedophyllum sessile;Laminariales;1.44;2.23;154.86;Van Alstyne et al. 1999a
North IP;44°50'N;124°04'W;Laminaria dentigera;Laminariales;0.32;0.19;59.38;Van Alstyne et al. 1999a
North IP;44°50'N;124°04'W;Lessoniopsis littoralis;Laminariales;0.28;0.06;21.43;Van Alstyne et al. 1999a
North IP;44°50'N;124°04'W;Pelvetiopsis limitata;Fucales;4.41;0.54;12.24;Van Alstyne et al. 1999a
North IP;48°32'N;123°02'W;Agarum fimbriatum;Laminariales;3.24;1.14;35.19;Van Alstyne et al. 1999a
North IP;48°23'N;124°44'W;Alaria marginata;Laminariales;0.55;0.25;45.45;Van Alstyne et al. 1999a
North IP;48°27'N;122°58'W;Alaria marginata;Laminariales;1.59;0.67;42.14;Van Alstyne et al. 1999a
North IP;48°32'N;123°02'W;Alaria marginata;Laminariales;2.96;0.5;16.89;Van Alstyne et al. 1999a
North IP;48°23'N;124°44'W;Alaria nana;Laminariales;0.92;0.15;16.3;Van Alstyne et al. 1999a
North IP;48°27'N;122°58'W;Costaria costata;Laminariales;0.35;0.05;14.29;Van Alstyne et al. 1999a
North IP;48°23'N;124°44'W;Cymanthere triplicata;Laminariales;0.35;0.02;5.71;Van Alstyne et al. 1999a
North IP;48°27'N;122°58'W;Cymanthere triplicata;Laminariales;0.38;0.03;7.89;Van Alstyne et al. 1999a
North IP;48°23'N;124°44'W;Egregia menziesii;Laminariales;0.33;0.11;33.33;Van Alstyne et al. 1999a
North IP;48°27'N;122°58'W;Egregia menziesii;Laminariales;0.36;0.07;19.44;Van Alstyne et al. 1999a
North IP;48°27'N;122°58'W;Fucus gardneri;Fucales;3.55;0.41;11.55;Van Alstyne et al. 1999a
North IP;48°23'N;124°44'W;Fucus gardneri;Fucales;4.59;0.71;15.47;Van Alstyne et al. 1999a
North IP;48°27'N;122°58'W;Fucus spiralis;Fucales;1.55;0.26;16.77;Van Alstyne et al. 1999a
North IP;48°23'N;124°44'W;Hedophyllum sessile;Laminariales;0.31;0.1;32.26;Van Alstyne et al. 1999a
North IP;48°27'N;122°58'W;Hedophyllum sessile;Laminariales;2.76;0.23;8.33;Van Alstyne et al. 1999a
North IP;48°32'N;123°02'W;Laminaria complanata;Laminariales;2.26;1;44.25;Van Alstyne et al. 1999a
North IP;48°32'N;123°02'W;Laminaria groenlandica;Laminariales;0.85;0.04;4.71;Van Alstyne et al. 1999a
North IP;48°23'N;124°44'W;Laminaria groenlandica;Laminariales;1.08;0.86;79.63;Van Alstyne et al. 1999a
North IP;48°23'N;124°44'W;Laminaria setchelli;Laminariales;0.44;0.49;111.36;Van Alstyne et al. 1999a
North IP;48°23'N;124°44'W;Pelvetiopsis limitata;Fucales;2.75;0.9;32.73;Van Alstyne et al. 1999a
North IP;33°23'N;118°21'W;Egregia menziesii (blade);Laminariales;2.1;0.6;28.57;Van Alstyne et al. 1999b
North IP;33°23'N;118°21'W;Egregia menziesii (meristem);Laminariales;1.38;0.75;54.55;Van Alstyne et al. 1999b
North IP;33°23'N;118°21'W;Eisenia arborea (blade);Laminariales;4.59;0.88;19.17;Van Alstyne et al. 1999b
North IP;33°23'N;118°21'W;Eisenia arborea (meristem);Laminariales;6.68;0.97;14.52;Van Alstyne et al. 1999b
North IP;35°39'N;121°13'W;Egregia menziesii (blade);Laminariales;0.4;0.1;25;Van Alstyne et al. 1999b
North IP;35°39'N;121°13'W;Egregia menziesii (meristem);Laminariales;0.4;0.1;25;Van Alstyne et al. 1999b
North IP;36°38'N;121°56'W;Egregia menziesii (blade);Laminariales;0.75;0.5;66.67;Van Alstyne et al. 1999b
North IP;36°38'N;121°56'W;Egregia menziesii (meristem);Laminariales;0.3;0.05;16.67;Van Alstyne et al. 1999b
North IP;37°12'N;122°24'W;Alaria nana (blade);Laminariales;2.9;0.33;11.38;Van Alstyne et al. 1999b
North IP;37°12'N;122°24'W;Alaria nana (meristem);Laminariales;5.09;3.31;65.03;Van Alstyne et al. 1999b
North IP;37°12'N;122°24'W;Alaria nana (reproductive);Laminariales;4;0.44;10.9;Van Alstyne et al. 1999b
North IP;37°12'N;122°24'W;Egregia menziesii (blade);Laminariales;0.45;0.2;44.44;Van Alstyne et al. 1999b
North IP;37°12'N;122°24'W;Egregia menziesii (meristem);Laminariales;1.3;0.35;26.92;Van Alstyne et al. 1999b
North IP;41°08'N;124°10'W;Alaria marginata (blade);Laminariales;0.31;0.1;32.26;Van Alstyne et al. 1999b
North IP;41°08'N;124°10'W;Alaria marginata (meristem);Laminariales;1.74;0.82;47.13;Van Alstyne et al. 1999b
North IP;41°08'N;124°10'W;Alaria marginata(reproductive);Laminariales;1.13;0.41;36.28;Van Alstyne et al. 1999b
North IP;41°08'N;124°10'W;Egregia menziesii (blade);Laminariales;0.6;0.4;66.67;Van Alstyne et al. 1999b
North IP;41°08'N;124°10'W;Egregia menziesii (meristem);Laminariales;0.75;0.2;26.67;Van Alstyne et al. 1999b
North IP;44°50'N;124°04'W;Alaria marginata (blade);Laminariales;2.05;0.56;27.32;Van Alstyne et al. 1999b
North IP;44°50'N;124°04'W;Alaria marginata (meristem);Laminariales;4;2.1;52.5;Van Alstyne et al. 1999b
North IP;44°50'N;124°04'W;Alaria marginata (reproductive);Laminariales;4.26;0.77;18.08;Van Alstyne et al. 1999b
North IP;44°50'N;124°04'W;Egregia menziesii (blade);Laminariales;1.8;1.4;77.78;Van Alstyne et al. 1999b
North IP;44°50'N;124°04'W;Egregia menziesii (meristem);Laminariales;4.4;1.5;34.09;Van Alstyne et al. 1999b
North IP;48°23'N;124°44'W;Alaria marginata (blade);Laminariales;0.44;0.15;35;Van Alstyne et al. 1999b
North IP;48°27'N;122°28'W;Alaria marginata (blade);Laminariales;1.44;0.26;18.06;Van Alstyne et al. 1999b
North IP;48°32'N;123°02'W;Alaria marginata (blade);Laminariales;3.08;1.28;41.56;Van Alstyne et al. 1999b
North IP;48°23'N;124°44'W;Alaria marginata (meristem);Laminariales;0.67;0.36;53.73;Van Alstyne et al. 1999b
North IP;48°23'N;124°44'W;Alaria marginata (meristem);Laminariales;1.9;1.74;91.58;Van Alstyne et al. 1999b
North IP;48°23'N;124°44'W;Alaria marginata (meristem);Laminariales;4.36;1.08;24.77;Van Alstyne et al. 1999b
North IP;48°23'N;124°44'W;Alaria marginata (reproductive);Laminariales;1.18;0.46;38.98;Van Alstyne et al. 1999b
North IP;48°23'N;124°44'W;Alaria marginata (reproductive);Laminariales;2.05;0.82;40;Van Alstyne et al. 1999b
North IP;48°23'N;124°44'W;Alaria nana (blade);Laminariales;0.87;0.36;41.38;Van Alstyne et al. 1999b
North IP;48°23'N;124°44'W;Alaria nana (meristem);Laminariales;1.2;0.36;30;Van Alstyne et al. 1999b
North IP;48°23'N;124°44'W;Alaria nana (reproductive);Laminariales;0.8;0.51;63.75;Van Alstyne et al. 1999b
North IP;48°23'N;124°44'W;Egregia menziesii (blade);Laminariales;0.3;0.1;33.33;Van Alstyne et al. 1999b
North IP;48°27'N;122°28'W;Egregia menziesii (blade);Laminariales;0.35;0.15;42.86;Van Alstyne et al. 1999b
North IP;48°23'N;124°44'W;Egregia menziesii (meristem);Laminariales;0.25;0.05;20;Van Alstyne et al. 1999b
North IP;48°23'N;124°44'W;Egregia menziesii (meristem);Laminariales;0.35;0.1;28.57;Van Alstyne et al. 1999b
North IP;44°40'N;124°03'W;Alaria marginata (adult);Laminariales;0.73;n.g.;n.c.;Van Alstyne et al. 2001
North IP;44°40'N;124°03'W;Alaria marginata (juvenile);Laminariales;0.82;n.g.;n.c.;Van Alstyne et al. 2001
North IP;44°40'N;124°03'W;Costaria costata (adult);Laminariales;0.18;n.g.;n.c.;Van Alstyne et al. 2001
North IP;44°40'N;124°03'W;Costaria costata (juvenile);Laminariales;0.18;n.g.;n.c.;Van Alstyne et al. 2001
North IP;44°40'N;124°03'W;Egregia menziesii (adult);Laminariales;0.27;n.g.;n.c.;Van Alstyne et al. 2001
North IP;44°40'N;124°03'W;Egregia menziesii (juvenile);Laminariales;0.77;n.g.;n.c.;Van Alstyne et al. 2001
North IP;44°40'N;124°03'W;Fucus gardneri (adult);Fucales;2.95;n.g.;n.c.;Van Alstyne et al. 2001
North IP;44°40'N;124°03'W;Fucus gardneri (juvenile);Fucales;4.04;n.g.;n.c.;Van Alstyne et al. 2001
North IP;44°40'N;124°03'W;Fucus spiralis (adult);Fucales;3.27;n.g.;n.c.;Van Alstyne et al. 2001
North IP;44°40'N;124°03'W;Fucus spiralis (juvenile);Fucales;3;n.g.;n.c.;Van Alstyne et al. 2001
North IP;44°40'N;124°03'W;Hedophyllum sessile (adult);Laminariales;0.45;n.g.;n.c.;Van Alstyne et al. 2001
North IP;44°40'N;124°03'W;Hedophyllum sessile (juvenile);Laminariales;1.04;n.g.;n.c.;Van Alstyne et al. 2001
North IP;44°40'N;124°03'W;Lessoniopsis littoralis (adult);Laminariales;0.18;n.g.;n.c.;Van Alstyne et al. 2001
North IP;44°40'N;124°03'W;Lessoniopsis littoralis (juvenile);Laminariales;1.36;n.g.;n.c.;Van Alstyne et al. 2001
North IP;44°40'N;124°03'W;Nereocystis luetkeana (adult);Laminariales;0.28;n.g.;n.c.;Van Alstyne et al. 2001
North IP;44°40'N;124°03'W;Nereocystis luetkeana (juvenile);Laminariales;0.18;n.g.;n.c.;Van Alstyne et al. 2001
South IP;33°33'S;115°06'E;Cystophora grevillei;Fucales;10.99;4.56;591.6;Van Hees et al. 2017
South IP;33°33'S;115°06'E;Cystophora sp.;Fucales;9.36;1.36;176.62;Van Hees et al. 2017
South IP;33°33'S;115°06'E;Lobophora variegata;Dictyotales;8.73;2.35;304.92;Van Hees et al. 2017
South IP;33°33'S;115°06'E;Sargassum linearifolium;Fucales;4.16;1.84;238.59;Van Hees et al. 2017
South IP;33°33'S;115°06'E;Scaberia agardhii;Fucales;4.73;1.45;188.76;Van Hees et al. 2017
South IP;33°33'S;115°06'E;Sirophysalis trinodis;Fucales;0.36;1.59;206.95;Van Hees et al. 2017
South IP;30°29'S;115°06'E;Dictyopteris muelleri;Dictyotales;0.48;0.07;8.71;Van Hees et al. 2017
South IP;30°29'S;115°06'E;Dilophus sp.;Dictyotales;1.11;0.24;31.49;Van Hees et al. 2017
South IP;30°29'S;115°06'E;Distromium sp.;Dictyotales;4.4;1.44;187.01;Van Hees et al. 2017
South IP;30°29'S;115°06'E;Ecklonia radiata;Laminariales;3.37;1.01;131.11;Van Hees et al. 2017
South IP;30°29'S;115°06'E;Myriodesma serrulata;Fucales;1.17;0.34;43.56;Van Hees et al. 2017
South IP;30°29'S;115°06'E;Sargassum paradoxum;Fucales;2.94;0.6;78.41;Van Hees et al. 2017
South IP;30°29'S;115°06'E;Spatoglossum macrodontum;Dictyotales;1.81;0.61;78.73;Van Hees et al. 2017
South IP;30°29'S;115°06'E;Zonaria turneriana;Dictyotales;4.78;0.87;113.26;Van Hees et al. 2017
South IP;28°10'S;114°13'E;Dictyota ciliolata;Dictyotales;0.95;0.78;101.22;Van Hees et al. 2017
South IP;28°10'S;114°13'E;Dictyota naevosa;Dictyotales;1.06;0.74;96.72;Van Hees et al. 2017
South IP;28°10'S;114°13'E;Dictyota sp.;Dictyotales;0.43;0.04;5.51;Van Hees et al. 2017
South IP;28°10'S;114°13'E;Distromium sp.;Dictyotales;2.24;1.32;170.96;Van Hees et al. 2017
South IP;28°10'S;114°13'E;Sargassum oligocystin;Fucales;0.28;0.25;31.94;Van Hees et al. 2017
South IP;28°10'S;114°13'E;Sargassum paradoxum;Fucales;1.28;0.44;56.61;Van Hees et al. 2017
South IP;25°37'S;113°13'E;Hormophysa cuneiformis;Fucales;0.76;0.59;76.35;Van Hees et al. 2017
South IP;25°37'S;113°13'E;Sargassopsis decurrens;Fucales;0.99;0.54;69.7;Van Hees et al. 2017
South IP;25°37'S;113°13'E;Sirophysalis trinodis;Fucales;1.05;0.59;76.48;Van Hees et al. 2017
South IP;25°37'S;113°13'E;Sporochnus moorei;Sporochnales;1.15;0.64;83.12;Van Hees et al. 2017
South IP;21°27'S;115°00'E;Dictyota australis;Dictyotales;1.63;0.76;98.74;Van Hees et al. 2017
South IP;21°27'S;115°00'E;Dictyota ceylanica;Dictyotales;0.35;0.06;7.79;Van Hees et al. 2017
South IP;21°56'S;114°12'E;Dictyota ceylanica;Dictyotales;0.35;0.07;8.71;Van Hees et al. 2017
South IP;21°56'S;114°12'E;Hormophysa cuneiformis;Fucales;0.72;0.22;29.04;Van Hees et al. 2017
South IP;21°56'S;114°12'E;Lobophora variegata;Dictyotales;0.31;0.03;4.11;Van Hees et al. 2017
South IP;21°27'S;115°00'E;Padinasp.;Dictyotales;1.73;0.06;7.79;Van Hees et al. 2017
South IP;21°56'S;114°12'E;Padinasp.;Dictyotales;1.95;0.22;28.57;Van Hees et al. 2017
South IP;21°27'S;115°00'E;Sargassopsis decurrens;Fucales;0.51;0.17;22.27;Van Hees et al. 2017
South IP;21°27'S;115°00'E;Sargassum ligulatum;Fucales;0.25;0.07;8.71;Van Hees et al. 2017
South IP;21°56'S;114°12'E;Sargassum ligulatum;Fucales;0.33;0.1;12.72;Van Hees et al. 2017
South IP;21°27'S;115°00'E;Sargassum marginatum;Fucales;0.7;0.27;34.99;Van Hees et al. 2017
South IP;21°56'S;114°12'E;Sargassum polyphyllum;Fucales;0.63;0.18;23.23;Van Hees et al. 2017
South IP;21°27'S;115°00'E;Sargassum sp.;Fucales;0.31;0.16;20.33;Van Hees et al. 2017
South IP;21°27'S;115°00'E;Sirophysalis trinodis;Fucales;0.87;0.33;42.74;Van Hees et al. 2017
South IP;21°56'S;114°12'E;Sirophysalis trinodis;Fucales;0.55;0.27;34.85;Van Hees et al. 2017
South IP;16°33'S;122°52'E;Hormophysa cuneiformis;Fucales;2.59;0.66;85.48;Van Hees et al. 2017
South IP;16°33'S;122°52'E;Padinasp.;Dictyotales;2.18;0.42;54.08;Van Hees et al. 2017
South IP;16°33'S;122°52'E;Sargassum ligulatum;Fucales;1.13;0.4;51.43;Van Hees et al. 2017
South IP;16°33'S;122°52'E;Sargassum polycystum;Fucales;1.42;0.4;51.43;Van Hees et al. 2017
South IP;16°33'S;122°52'E;Sargassum rasta;Fucales;0.81;0.12;15.91;Van Hees et al. 2017
South IP;16°33'S;122°52'E;Sirophysalis trinodis;Fucales;1.14;0.37;47.72;Van Hees et al. 2017
South IP;16°33'S;122°52'E;Turbinaria gracilis;Fucales;2.96;1.08;140.84;Van Hees et al. 2017
North IP;33°45'N;"118°25""W";Dictyota flabellata;Dictyotales;1.1;0.32;28.75;Wakefield & Murray 1998
North IP;33°32'N;117°47'W;Egregia menziesii;Laminariales;0.5;0.32;63.25;Wakefield & Murray 1998
North IP;33°45'N;"118°25""W";Eisenia arborea;Laminariales;2.6;0.95;36.49;Wakefield & Murray 1998
North IP;33°45'N;"118°25""W";Eisenia arborea;Laminariales;3.5;1.26;36.14;Wakefield & Murray 1998
North IP;33°45'N;"118°25""W";Endarachne binghamiae;Ectocarpales;2.7;0.63;23.42;Wakefield & Murray 1998
North IP;33°45'N;"118°25""W";Halidrys dioica;Fucales;3.8;1.58;41.61;Wakefield & Murray 1998
North IP;33°45'N;"118°25""W";Macrocystis pyrifera;Laminariales;1.4;0.32;22.59;Wakefield & Murray 1998
North IP;33°45'N;"118°25""W";Dictyopteris divaricate;Dictyotales;9.2;n.g.;n.c.;Yang et al. 2014
North IP;33°45'N;"118°25""W";Dictyopteris prolifera;Dictyotales;15.18;n.g.;n.c.;Yang et al. 2014
North Atlantic;45°N;63°W;Ascophyllum nodosum;Fucales;5.26;n.g.;n.c.;Zhang et al. 2006
South IP;17°30'S;149°32'W;Sargassum mangarevense;Fucales;2.85;1.12;39.3;Zubia et al. 2008
South IP;17°30'S;149°32'W;Turbinaria ornata;Fucales;2.45;0.61;24.9;Zubia et al. 2008
